Datetime,Date,Temp,RH,DewPt
2017-05-02 09:00:00,05/02/17,18.804,50.165,8.525
2017-05-02 10:00:00,05/02/17,20.041,44.720,7.970
2017-05-02 11:00:00,05/02/17,21.567,40.126,7.762
2017-05-02 12:00:00,05/02/17,22.801,35.378,7.007
2017-05-02 13:00:00,05/02/17,24.034,31.499,6.356
2017-05-02 14:00:00,05/02/17,24.569,30.721,6.447
2017-05-02 15:00:00,05/02/17,24.738,30.318,6.391
2017-05-02 16:00:00,05/02/17,24.448,30.552,6.265
2017-05-02 17:00:00,05/02/17,23.809,33.487,7.072
2017-05-02 18:00:00,05/02/17,22.846,35.001,6.893
2017-05-02 19:00:00,05/02/17,21.927,33.849,5.594
2017-05-02 20:00:00,05/02/17,20.682,37.322,5.907
2017-05-02 21:00:00,05/02/17,19.476,42.217,6.625
2017-05-02 22:00:00,05/02/17,17.778,49.265,7.312
2017-05-02 23:00:00,05/02/17,16.439,54.944,7.638
2017-05-03 00:00:00,05/03/17,15.423,61.603,8.288
2017-05-03 01:00:00,05/03/17,14.505,69.576,9.138
2017-05-03 02:00:00,05/03/17,13.682,70.842,8.597
2017-05-03 03:00:00,05/03/17,13.142,75.967,9.033
2017-05-03 04:00:00,05/03/17,12.495,80.351,9.168
2017-05-03 05:00:00,05/03/17,11.941,82.489,8.979
2017-05-03 06:00:00,05/03/17,12.648,83.417,9.824
2017-05-03 07:00:00,05/03/17,15.002,77.877,11.182
2017-05-03 08:00:00,05/03/17,18.353,64.837,11.785
2017-05-03 09:00:00,05/03/17,21.410,50.136,10.871
2017-05-03 10:00:00,05/03/17,23.734,39.588,9.504
2017-05-03 11:00:00,05/03/17,25.188,33.961,8.470
2017-05-03 12:00:00,05/03/17,26.276,30.932,8.039
2017-05-03 13:00:00,05/03/17,27.243,30.657,8.736
2017-05-03 14:00:00,05/03/17,27.204,29.900,8.316
2017-05-03 15:00:00,05/03/17,27.122,30.610,8.608
2017-05-03 16:00:00,05/03/17,26.979,31.663,9.001
2017-05-03 17:00:00,05/03/17,26.536,32.269,8.905
2017-05-03 18:00:00,05/03/17,26.024,33.596,9.069
2017-05-03 19:00:00,05/03/17,24.863,36.839,9.432
2017-05-03 20:00:00,05/03/17,23.237,43.288,10.382
2017-05-03 21:00:00,05/03/17,22.701,45.265,10.589
2017-05-03 22:00:00,05/03/17,22.509,45.782,10.584
2017-05-03 23:00:00,05/03/17,22.357,45.734,10.431
2017-05-04 00:00:00,05/04/17,22.035,45.989,10.216
2017-05-04 01:00:00,05/04/17,21.636,46.261,9.942
2017-05-04 02:00:00,05/04/17,21.209,47.291,9.874
2017-05-04 03:00:00,05/04/17,19.839,55.550,10.879
2017-05-04 04:00:00,05/04/17,17.802,73.122,13.016
2017-05-04 05:00:00,05/04/17,16.091,83.436,13.200
2017-05-04 06:00:00,05/04/17,15.471,88.273,13.379
2017-05-04 07:00:00,05/04/17,15.251,91.525,13.654
2017-05-04 08:00:00,05/04/17,15.169,92.841,13.767
2017-05-04 09:00:00,05/04/17,15.368,93.273,14.028
2017-05-04 10:00:00,05/04/17,15.016,93.428,13.699
2017-05-04 11:00:00,05/04/17,15.958,93.133,14.596
2017-05-04 12:00:00,05/04/17,17.673,90.609,15.921
2017-05-04 13:00:00,05/04/17,18.590,88.415,16.490
2017-05-04 14:00:00,05/04/17,17.976,91.884,16.418
2017-05-04 15:00:00,05/04/17,18.190,92.853,16.778
2017-05-04 16:00:00,05/04/17,18.461,93.076,17.082
2017-05-04 17:00:00,05/04/17,18.986,92.687,17.546
2017-05-04 18:00:00,05/04/17,19.131,91.639,17.531
2017-05-04 19:00:00,05/04/17,18.850,91.656,17.254
2017-05-04 20:00:00,05/04/17,17.315,92.367,15.832
2017-05-04 21:00:00,05/04/17,15.006,93.805,13.744
2017-05-04 22:00:00,05/04/17,14.802,94.158,13.591
2017-05-04 23:00:00,05/04/17,13.172,94.373,11.995
2017-05-05 00:00:00,05/05/17,12.704,94.514,11.547
2017-05-05 01:00:00,05/05/17,12.296,94.644,11.157
2017-05-05 02:00:00,05/05/17,11.754,94.631,10.615
2017-05-05 03:00:00,05/05/17,10.803,94.553,9.654
2017-05-05 04:00:00,05/05/17,10.106,94.546,8.956
2017-05-05 05:00:00,05/05/17,9.673,94.688,8.544
2017-05-05 06:00:00,05/05/17,9.217,94.132,8.013
2017-05-05 07:00:00,05/05/17,9.587,94.270,8.401
2017-05-05 08:00:00,05/05/17,9.723,94.456,8.562
2017-05-05 09:00:00,05/05/17,10.028,94.613,8.888
2017-05-05 10:00:00,05/05/17,10.357,94.723,9.231
2017-05-05 11:00:00,05/05/17,10.962,94.370,9.787
2017-05-05 12:00:00,05/05/17,11.206,93.392,9.895
2017-05-05 13:00:00,05/05/17,11.331,93.642,10.055
2017-05-05 14:00:00,05/05/17,11.419,93.567,10.132
2017-05-05 15:00:00,05/05/17,11.171,93.347,9.855
2017-05-05 16:00:00,05/05/17,11.228,92.457,9.786
2017-05-05 17:00:00,05/05/17,11.045,92.056,9.547
2017-05-05 18:00:00,05/05/17,10.695,93.470,9.397
2017-05-05 19:00:00,05/05/17,10.679,92.930,9.306
2017-05-05 20:00:00,05/05/17,10.255,91.001,8.611
2017-05-05 21:00:00,05/05/17,10.020,89.942,8.226
2017-05-05 22:00:00,05/05/17,9.712,88.500,7.711
2017-05-05 23:00:00,05/05/17,9.449,86.323,7.127
2017-05-06 00:00:00,05/06/17,9.618,85.501,7.169
2017-05-06 01:00:00,05/06/17,9.698,85.854,7.302
2017-05-06 02:00:00,05/06/17,9.686,86.302,7.357
2017-05-06 03:00:00,05/06/17,9.382,86.575,7.098
2017-05-06 04:00:00,05/06/17,9.118,88.124,7.068
2017-05-06 05:00:00,05/06/17,9.042,89.370,7.173
2017-05-06 06:00:00,05/06/17,8.761,90.341,7.033
2017-05-06 07:00:00,05/06/17,9.488,89.095,7.574
2017-05-06 08:00:00,05/06/17,11.030,83.377,8.219
2017-05-06 09:00:00,05/06/17,13.038,73.581,8.481
2017-05-06 10:00:00,05/06/17,14.907,61.464,7.762
2017-05-06 11:00:00,05/06/17,16.792,52.288,7.245
2017-05-06 12:00:00,05/06/17,18.269,46.122,6.792
2017-05-06 13:00:00,05/06/17,19.690,43.475,7.257
2017-05-06 14:00:00,05/06/17,20.911,44.952,8.855
2017-05-06 15:00:00,05/06/17,21.410,43.621,8.863
2017-05-06 16:00:00,05/06/17,21.026,46.081,9.310
2017-05-06 17:00:00,05/06/17,20.817,44.130,8.497
2017-05-06 18:00:00,05/06/17,20.442,44.897,8.409
2017-05-06 19:00:00,05/06/17,18.245,60.043,10.323
2017-05-06 20:00:00,05/06/17,15.640,79.455,12.084
2017-05-06 21:00:00,05/06/17,14.864,81.486,11.680
2017-05-06 22:00:00,05/06/17,14.214,74.374,9.782
2017-05-06 23:00:00,05/06/17,13.782,74.504,9.387
2017-05-07 00:00:00,05/07/17,13.534,77.737,9.733
2017-05-07 01:00:00,05/07/17,13.217,78.026,9.475
2017-05-07 02:00:00,05/07/17,12.427,80.906,9.192
2017-05-07 03:00:00,05/07/17,11.321,83.665,8.559
2017-05-07 04:00:00,05/07/17,10.565,87.014,8.333
2017-05-07 05:00:00,05/07/17,9.971,89.961,8.179
2017-05-07 06:00:00,05/07/17,10.432,90.460,8.709
2017-05-07 07:00:00,05/07/17,12.130,84.846,9.538
2017-05-07 08:00:00,05/07/17,13.207,73.628,8.629
2017-05-07 09:00:00,05/07/17,14.623,56.097,6.206
2017-05-07 10:00:00,05/07/17,16.167,44.078,4.241
2017-05-07 11:00:00,05/07/17,17.334,37.695,3.071
2017-05-07 12:00:00,05/07/17,18.182,35.473,2.961
2017-05-07 13:00:00,05/07/17,18.850,33.623,2.789
2017-05-07 14:00:00,05/07/17,19.232,34.403,3.451
2017-05-07 15:00:00,05/07/17,19.339,36.962,4.582
2017-05-07 16:00:00,05/07/17,19.436,37.888,5.030
2017-05-07 17:00:00,05/07/17,18.872,41.932,5.992
2017-05-07 18:00:00,05/07/17,18.081,46.044,6.622
2017-05-07 19:00:00,05/07/17,17.314,48.142,6.565
2017-05-07 20:00:00,05/07/17,16.449,50.585,6.467
2017-05-07 21:00:00,05/07/17,15.207,59.282,7.546
2017-05-07 22:00:00,05/07/17,14.100,65.056,7.813
2017-05-07 23:00:00,05/07/17,13.247,67.180,7.439
2017-05-08 00:00:00,05/08/17,12.433,72.976,7.798
2017-05-08 01:00:00,05/08/17,11.653,78.323,7.999
2017-05-08 02:00:00,05/08/17,10.779,80.527,7.518
2017-05-08 03:00:00,05/08/17,10.347,83.773,7.617
2017-05-08 04:00:00,05/08/17,9.940,85.072,7.420
2017-05-08 05:00:00,05/08/17,9.721,86.496,7.421
2017-05-08 06:00:00,05/08/17,10.617,85.901,8.212
2017-05-08 07:00:00,05/08/17,13.306,73.707,8.764
2017-05-08 08:00:00,05/08/17,15.852,63.488,9.123
2017-05-08 09:00:00,05/08/17,18.338,56.403,9.788
2017-05-08 10:00:00,05/08/17,20.057,50.165,9.667
2017-05-08 11:00:00,05/08/17,21.241,46.259,9.579
2017-05-08 12:00:00,05/08/17,22.150,45.029,10.003
2017-05-08 13:00:00,05/08/17,23.016,43.555,10.295
2017-05-08 14:00:00,05/08/17,23.535,43.106,10.611
2017-05-08 15:00:00,05/08/17,23.621,41.318,10.055
2017-05-08 16:00:00,05/08/17,23.551,39.745,9.410
2017-05-08 17:00:00,05/08/17,23.184,41.412,9.693
2017-05-08 18:00:00,05/08/17,22.737,42.699,9.748
2017-05-08 19:00:00,05/08/17,21.545,45.969,9.758
2017-05-08 20:00:00,05/08/17,19.817,53.065,10.272
2017-05-08 21:00:00,05/08/17,18.269,61.121,10.878
2017-05-08 22:00:00,05/08/17,17.318,66.480,11.190
2017-05-08 23:00:00,05/08/17,16.598,72.086,11.650
2017-05-09 00:00:00,05/09/17,15.778,76.135,11.629
2017-05-09 01:00:00,05/09/17,15.491,78.907,11.848
2017-05-09 02:00:00,05/09/17,15.029,81.983,11.926
2017-05-09 03:00:00,05/09/17,14.437,84.143,11.703
2017-05-09 04:00:00,05/09/17,14.000,85.836,11.543
2017-05-09 05:00:00,05/09/17,13.752,86.900,11.466
2017-05-09 06:00:00,05/09/17,14.208,86.889,11.913
2017-05-09 07:00:00,05/09/17,17.111,76.600,12.961
2017-05-09 08:00:00,05/09/17,20.010,64.471,13.302
2017-05-09 09:00:00,05/09/17,22.453,58.875,14.284
2017-05-09 10:00:00,05/09/17,24.511,54.396,15.010
2017-05-09 11:00:00,05/09/17,25.899,49.995,15.007
2017-05-09 12:00:00,05/09/17,26.967,45.071,14.393
2017-05-09 13:00:00,05/09/17,27.739,42.621,14.226
2017-05-09 14:00:00,05/09/17,28.103,41.179,14.024
2017-05-09 15:00:00,05/09/17,27.999,39.482,13.284
2017-05-09 16:00:00,05/09/17,27.405,40.123,12.989
2017-05-09 17:00:00,05/09/17,26.843,42.322,13.312
2017-05-09 18:00:00,05/09/17,26.284,42.625,12.925
2017-05-09 19:00:00,05/09/17,25.281,44.011,12.507
2017-05-09 20:00:00,05/09/17,24.014,48.613,12.851
2017-05-09 21:00:00,05/09/17,22.882,53.543,13.260
2017-05-09 22:00:00,05/09/17,22.021,58.288,13.721
2017-05-09 23:00:00,05/09/17,21.109,61.558,13.680
2017-05-10 00:00:00,05/10/17,20.255,65.290,13.727
2017-05-10 01:00:00,05/10/17,19.474,70.494,14.104
2017-05-10 02:00:00,05/10/17,18.226,75.489,13.881
2017-05-10 03:00:00,05/10/17,17.251,79.407,13.655
2017-05-10 04:00:00,05/10/17,16.739,81.804,13.573
2017-05-10 05:00:00,05/10/17,16.628,83.466,13.745
2017-05-10 06:00:00,05/10/17,17.084,83.638,14.223
2017-05-10 07:00:00,05/10/17,19.272,79.638,15.661
2017-05-10 08:00:00,05/10/17,21.794,71.160,16.468
2017-05-10 09:00:00,05/10/17,23.733,65.731,17.146
2017-05-10 10:00:00,05/10/17,25.174,59.571,17.003
2017-05-10 11:00:00,05/10/17,26.248,54.300,16.601
2017-05-10 12:00:00,05/10/17,26.988,51.878,16.584
2017-05-10 13:00:00,05/10/17,27.789,49.306,16.539
2017-05-10 14:00:00,05/10/17,28.194,47.487,16.321
2017-05-10 15:00:00,05/10/17,28.347,47.141,16.346
2017-05-10 16:00:00,05/10/17,28.192,47.581,16.343
2017-05-10 17:00:00,05/10/17,27.626,49.641,16.484
2017-05-10 18:00:00,05/10/17,27.014,48.766,15.656
2017-05-10 19:00:00,05/10/17,26.095,47.722,14.483
2017-05-10 20:00:00,05/10/17,25.309,51.246,14.845
2017-05-10 21:00:00,05/10/17,24.438,56.492,15.515
2017-05-10 22:00:00,05/10/17,23.304,63.981,16.332
2017-05-10 23:00:00,05/10/17,22.860,65.656,16.301
2017-05-11 00:00:00,05/11/17,22.114,68.037,16.118
2017-05-11 01:00:00,05/11/17,21.173,72.405,16.131
2017-05-11 02:00:00,05/11/17,20.244,75.570,15.858
2017-05-11 03:00:00,05/11/17,19.565,79.147,15.869
2017-05-11 04:00:00,05/11/17,19.159,81.058,15.815
2017-05-11 05:00:00,05/11/17,19.034,82.417,15.931
2017-05-11 06:00:00,05/11/17,19.512,81.171,16.180
2017-05-11 07:00:00,05/11/17,20.142,79.168,16.434
2017-05-11 08:00:00,05/11/17,21.816,73.628,16.996
2017-05-11 09:00:00,05/11/17,24.038,66.137,17.515
2017-05-11 10:00:00,05/11/17,25.445,59.182,17.172
2017-05-11 11:00:00,05/11/17,26.376,55.619,17.089
2017-05-11 12:00:00,05/11/17,27.280,53.436,17.317
2017-05-11 13:00:00,05/11/17,27.793,52.578,17.538
2017-05-11 14:00:00,05/11/17,27.744,52.703,17.517
2017-05-11 15:00:00,05/11/17,27.092,53.950,17.277
2017-05-11 16:00:00,05/11/17,27.215,52.078,16.852
2017-05-11 17:00:00,05/11/17,26.871,53.793,17.040
2017-05-11 18:00:00,05/11/17,26.134,57.080,17.263
2017-05-11 19:00:00,05/11/17,25.061,59.388,16.868
2017-05-11 20:00:00,05/11/17,24.283,62.932,17.011
2017-05-11 21:00:00,05/11/17,23.593,66.665,17.228
2017-05-11 22:00:00,05/11/17,22.665,68.121,16.663
2017-05-11 23:00:00,05/11/17,21.823,72.855,16.850
2017-05-12 00:00:00,05/12/17,21.290,77.249,17.196
2017-05-12 01:00:00,05/12/17,20.769,80.407,17.274
2017-05-12 02:00:00,05/12/17,20.136,82.839,17.085
2017-05-12 03:00:00,05/12/17,19.514,85.136,16.865
2017-05-12 04:00:00,05/12/17,19.195,87.057,16.868
2017-05-12 05:00:00,05/12/17,18.573,88.786,16.531
2017-05-12 06:00:00,05/12/17,18.814,89.526,16.887
2017-05-12 07:00:00,05/12/17,20.170,86.384,17.720
2017-05-12 08:00:00,05/12/17,20.672,84.385,17.879
2017-05-12 09:00:00,05/12/17,21.266,82.790,18.185
2017-05-12 10:00:00,05/12/17,22.416,78.487,18.524
2017-05-12 11:00:00,05/12/17,24.019,69.888,18.321
2017-05-12 12:00:00,05/12/17,25.119,60.416,17.179
2017-05-12 13:00:00,05/12/17,25.663,60.850,17.806
2017-05-12 14:00:00,05/12/17,25.953,60.098,17.885
2017-05-12 15:00:00,05/12/17,25.305,61.253,17.565
2017-05-12 16:00:00,05/12/17,24.746,65.892,18.152
2017-05-12 17:00:00,05/12/17,22.623,70.414,17.061
2017-05-12 18:00:00,05/12/17,20.021,80.267,16.515
2017-05-12 19:00:00,05/12/17,20.117,80.376,16.630
2017-05-12 20:00:00,05/12/17,19.829,83.032,16.816
2017-05-12 21:00:00,05/12/17,19.502,84.583,16.761
2017-05-12 22:00:00,05/12/17,19.072,87.050,16.746
2017-05-12 23:00:00,05/12/17,18.473,88.560,16.397
2017-05-13 00:00:00,05/13/17,18.283,89.555,16.366
2017-05-13 01:00:00,05/13/17,18.816,88.468,16.722
2017-05-13 02:00:00,05/13/17,19.072,85.901,16.557
2017-05-13 03:00:00,05/13/17,18.739,85.141,16.103
2017-05-13 04:00:00,05/13/17,18.182,83.873,15.342
2017-05-13 05:00:00,05/13/17,17.469,86.694,15.103
2017-05-13 06:00:00,05/13/17,17.597,87.480,15.358
2017-05-13 07:00:00,05/13/17,17.986,86.622,15.604
2017-05-13 08:00:00,05/13/17,18.232,85.000,15.579
2017-05-13 09:00:00,05/13/17,19.338,82.419,16.227
2017-05-13 10:00:00,05/13/17,20.766,77.500,16.729
2017-05-13 11:00:00,05/13/17,21.557,73.862,16.793
2017-05-13 12:00:00,05/13/17,22.389,71.171,17.050
2017-05-13 13:00:00,05/13/17,23.499,67.400,17.294
2017-05-13 14:00:00,05/13/17,22.057,72.799,16.955
2017-05-13 15:00:00,05/13/17,19.340,90.401,17.546
2017-05-13 16:00:00,05/13/17,20.708,89.625,18.781
2017-05-13 17:00:00,05/13/17,21.332,85.216,18.666
2017-05-13 18:00:00,05/13/17,21.203,77.400,17.139
2017-05-13 19:00:00,05/13/17,20.948,73.652,16.164
2017-05-13 20:00:00,05/13/17,20.254,73.564,15.474
2017-05-13 21:00:00,05/13/17,19.437,74.687,14.905
2017-05-13 22:00:00,05/13/17,18.755,70.861,13.488
2017-05-13 23:00:00,05/13/17,17.764,73.926,13.135
2017-05-14 00:00:00,05/14/17,16.955,79.442,13.362
2017-05-14 01:00:00,05/14/17,16.207,82.741,13.208
2017-05-14 02:00:00,05/14/17,15.794,84.600,13.111
2017-05-14 03:00:00,05/14/17,15.004,88.306,12.921
2017-05-14 04:00:00,05/14/17,14.485,90.349,12.719
2017-05-14 05:00:00,05/14/17,14.112,91.670,12.543
2017-05-14 06:00:00,05/14/17,14.666,91.834,13.119
2017-05-14 07:00:00,05/14/17,16.776,90.043,14.944
2017-05-14 08:00:00,05/14/17,19.740,69.643,14.116
2017-05-14 09:00:00,05/14/17,21.088,57.894,12.739
2017-05-14 10:00:00,05/14/17,22.043,54.912,12.853
2017-05-14 11:00:00,05/14/17,23.062,54.522,13.702
2017-05-14 12:00:00,05/14/17,24.062,52.055,13.925
2017-05-14 13:00:00,05/14/17,25.154,48.150,13.732
2017-05-14 14:00:00,05/14/17,25.807,40.606,11.736
2017-05-14 15:00:00,05/14/17,26.205,38.621,11.343
2017-05-14 16:00:00,05/14/17,26.457,37.653,11.181
2017-05-14 17:00:00,05/14/17,26.083,38.351,11.127
2017-05-14 18:00:00,05/14/17,25.323,42.346,11.954
2017-05-14 19:00:00,05/14/17,24.167,47.681,12.696
2017-05-14 20:00:00,05/14/17,22.182,56.857,13.486
2017-05-14 21:00:00,05/14/17,20.700,64.040,13.866
2017-05-14 22:00:00,05/14/17,19.445,70.480,14.066
2017-05-14 23:00:00,05/14/17,18.537,74.450,13.987
2017-05-15 00:00:00,05/15/17,17.722,78.191,13.897
2017-05-15 01:00:00,05/15/17,16.903,81.823,13.737
2017-05-15 02:00:00,05/15/17,16.411,83.825,13.592
2017-05-15 03:00:00,05/15/17,16.046,86.254,13.628
2017-05-15 04:00:00,05/15/17,15.636,88.364,13.557
2017-05-15 05:00:00,05/15/17,15.300,89.239,13.359
2017-05-15 06:00:00,05/15/17,16.169,88.685,14.133
2017-05-15 07:00:00,05/15/17,18.594,83.587,15.689
2017-05-15 08:00:00,05/15/17,21.785,72.957,16.801
2017-05-15 09:00:00,05/15/17,24.077,62.095,16.602
2017-05-15 10:00:00,05/15/17,25.526,52.970,15.530
2017-05-15 11:00:00,05/15/17,26.777,48.704,15.411
2017-05-15 12:00:00,05/15/17,27.639,46.065,15.336
2017-05-15 13:00:00,05/15/17,28.496,43.935,15.387
2017-05-15 14:00:00,05/15/17,28.877,43.146,15.447
2017-05-15 15:00:00,05/15/17,28.793,41.505,14.769
2017-05-15 16:00:00,05/15/17,28.545,44.189,15.516
2017-05-15 17:00:00,05/15/17,27.951,46.388,15.737
2017-05-15 18:00:00,05/15/17,27.581,48.422,16.067
2017-05-15 19:00:00,05/15/17,26.582,49.618,15.529
2017-05-15 20:00:00,05/15/17,25.540,51.373,15.099
2017-05-15 21:00:00,05/15/17,24.079,56.940,15.301
2017-05-15 22:00:00,05/15/17,22.671,63.232,15.550
2017-05-15 23:00:00,05/15/17,21.443,69.520,15.790
2017-05-16 00:00:00,05/16/17,20.525,73.743,15.773
2017-05-16 01:00:00,05/16/17,19.716,77.872,15.780
2017-05-16 02:00:00,05/16/17,19.014,81.164,15.691
2017-05-16 03:00:00,05/16/17,18.418,84.135,15.618
2017-05-16 04:00:00,05/16/17,17.929,86.392,15.509
2017-05-16 05:00:00,05/16/17,17.512,88.413,15.422
2017-05-16 06:00:00,05/16/17,18.392,87.684,16.176
2017-05-16 07:00:00,05/16/17,20.472,83.841,17.582
2017-05-16 08:00:00,05/16/17,23.223,75.128,18.652
2017-05-16 09:00:00,05/16/17,25.651,64.073,18.577
2017-05-16 10:00:00,05/16/17,27.597,53.694,17.618
2017-05-16 11:00:00,05/16/17,28.603,48.550,17.036
2017-05-16 12:00:00,05/16/17,29.578,43.612,16.248
2017-05-16 13:00:00,05/16/17,30.285,41.192,15.984
2017-05-16 14:00:00,05/16/17,30.411,41.020,16.029
2017-05-16 15:00:00,05/16/17,29.981,40.805,15.564
2017-05-16 16:00:00,05/16/17,29.905,39.485,14.988
2017-05-16 17:00:00,05/16/17,29.521,39.248,14.552
2017-05-16 18:00:00,05/16/17,29.155,37.514,13.523
2017-05-16 19:00:00,05/16/17,28.275,41.780,14.397
2017-05-16 20:00:00,05/16/17,26.932,47.577,15.196
2017-05-16 21:00:00,05/16/17,26.128,51.264,15.611
2017-05-16 22:00:00,05/16/17,24.884,55.198,15.581
2017-05-16 23:00:00,05/16/17,24.008,57.908,15.489
2017-05-17 00:00:00,05/17/17,22.426,63.903,15.453
2017-05-17 01:00:00,05/17/17,21.607,66.861,15.353
2017-05-17 02:00:00,05/17/17,22.051,61.941,14.662
2017-05-17 03:00:00,05/17/17,21.179,63.774,14.268
2017-05-17 04:00:00,05/17/17,20.492,66.504,14.229
2017-05-17 05:00:00,05/17/17,19.799,70.636,14.446
2017-05-17 06:00:00,05/17/17,19.833,74.183,15.192
2017-05-17 07:00:00,05/17/17,21.084,74.701,16.505
2017-05-17 08:00:00,05/17/17,22.791,72.360,17.684
2017-05-17 09:00:00,05/17/17,24.652,68.324,18.608
2017-05-17 10:00:00,05/17/17,26.319,63.710,19.129
2017-05-17 11:00:00,05/17/17,27.861,59.588,19.549
2017-05-17 12:00:00,05/17/17,28.966,53.105,18.766
2017-05-17 13:00:00,05/17/17,28.879,50.068,17.777
2017-05-17 14:00:00,05/17/17,29.490,44.200,16.366
2017-05-17 15:00:00,05/17/17,29.551,42.643,15.873
2017-05-17 16:00:00,05/17/17,29.505,41.038,15.233
2017-05-17 17:00:00,05/17/17,29.304,40.618,14.882
2017-05-17 18:00:00,05/17/17,28.939,38.786,13.850
2017-05-17 19:00:00,05/17/17,28.001,42.440,14.378
2017-05-17 20:00:00,05/17/17,26.885,48.571,15.475
2017-05-17 21:00:00,05/17/17,26.022,51.424,15.561
2017-05-17 22:00:00,05/17/17,25.184,54.071,15.553
2017-05-17 23:00:00,05/17/17,24.281,58.988,16.022
2017-05-18 00:00:00,05/18/17,24.802,57.530,16.141
2017-05-18 01:00:00,05/18/17,24.402,60.671,16.566
2017-05-18 02:00:00,05/18/17,23.851,64.942,17.080
2017-05-18 03:00:00,05/18/17,23.454,68.195,17.435
2017-05-18 04:00:00,05/18/17,23.110,70.854,17.679
2017-05-18 05:00:00,05/18/17,22.705,73.767,17.888
2017-05-18 06:00:00,05/18/17,22.503,76.761,18.284
2017-05-18 07:00:00,05/18/17,23.042,77.514,18.954
2017-05-18 08:00:00,05/18/17,24.258,75.504,19.738
2017-05-18 09:00:00,05/18/17,25.477,72.121,20.226
2017-05-18 10:00:00,05/18/17,26.810,66.836,20.326
2017-05-18 11:00:00,05/18/17,26.832,67.469,20.497
2017-05-18 12:00:00,05/18/17,28.012,63.295,20.630
2017-05-18 13:00:00,05/18/17,28.792,59.031,20.278
2017-05-18 14:00:00,05/18/17,28.451,57.881,19.631
2017-05-18 15:00:00,05/18/17,28.724,55.105,19.132
2017-05-18 16:00:00,05/18/17,28.322,55.647,18.912
2017-05-18 17:00:00,05/18/17,28.806,52.715,18.517
2017-05-18 18:00:00,05/18/17,28.736,52.258,18.319
2017-05-18 19:00:00,05/18/17,28.376,52.422,18.033
2017-05-18 20:00:00,05/18/17,27.401,57.250,18.494
2017-05-18 21:00:00,05/18/17,26.162,62.829,18.770
2017-05-18 22:00:00,05/18/17,25.391,66.466,18.891
2017-05-18 23:00:00,05/18/17,24.478,70.708,18.963
2017-05-19 00:00:00,05/19/17,24.543,70.348,18.937
2017-05-19 01:00:00,05/19/17,24.519,67.542,18.310
2017-05-19 02:00:00,05/19/17,23.789,68.755,17.880
2017-05-19 03:00:00,05/19/17,23.126,70.764,17.676
2017-05-19 04:00:00,05/19/17,22.507,72.240,17.387
2017-05-19 05:00:00,05/19/17,21.657,75.119,17.141
2017-05-19 06:00:00,05/19/17,21.370,75.260,16.893
2017-05-19 07:00:00,05/19/17,22.011,74.451,17.354
2017-05-19 08:00:00,05/19/17,23.325,71.398,17.996
2017-05-19 09:00:00,05/19/17,25.202,65.571,18.506
2017-05-19 10:00:00,05/19/17,26.712,61.420,18.939
2017-05-19 11:00:00,05/19/17,27.989,58.691,19.436
2017-05-19 12:00:00,05/19/17,29.022,55.692,19.580
2017-05-19 13:00:00,05/19/17,29.624,52.154,19.102
2017-05-19 14:00:00,05/19/17,29.187,53.303,19.041
2017-05-19 15:00:00,05/19/17,29.286,52.804,18.975
2017-05-19 16:00:00,05/19/17,29.191,51.401,18.473
2017-05-19 17:00:00,05/19/17,29.290,50.808,18.388
2017-05-19 18:00:00,05/19/17,28.922,51.878,18.377
2017-05-19 19:00:00,05/19/17,28.285,53.040,18.133
2017-05-19 20:00:00,05/19/17,27.305,57.454,18.455
2017-05-19 21:00:00,05/19/17,26.266,61.227,18.472
2017-05-19 22:00:00,05/19/17,25.451,63.306,18.211
2017-05-19 23:00:00,05/19/17,24.487,66.581,18.058
2017-05-20 00:00:00,05/20/17,23.461,70.320,17.894
2017-05-20 01:00:00,05/20/17,22.158,75.361,17.673
2017-05-20 02:00:00,05/20/17,21.149,79.498,17.478
2017-05-20 03:00:00,05/20/17,21.483,74.501,16.843
2017-05-20 04:00:00,05/20/17,21.229,76.726,17.035
2017-05-20 05:00:00,05/20/17,20.595,81.119,17.230
2017-05-20 06:00:00,05/20/17,20.831,82.976,17.792
2017-05-20 07:00:00,05/20/17,22.535,83.437,19.546
2017-05-20 08:00:00,05/20/17,23.759,81.170,20.337
2017-05-20 09:00:00,05/20/17,25.593,74.823,20.889
2017-05-20 10:00:00,05/20/17,27.229,67.576,20.901
2017-05-20 11:00:00,05/20/17,28.145,64.023,20.932
2017-05-20 12:00:00,05/20/17,28.676,60.737,20.617
2017-05-20 13:00:00,05/20/17,28.409,61.881,20.659
2017-05-20 14:00:00,05/20/17,28.874,60.998,20.873
2017-05-20 15:00:00,05/20/17,28.341,61.448,20.483
2017-05-20 16:00:00,05/20/17,27.904,65.190,20.992
2017-05-20 17:00:00,05/20/17,21.676,84.676,18.790
2017-05-20 18:00:00,05/20/17,20.410,91.381,18.763
2017-05-20 19:00:00,05/20/17,20.458,92.183,18.934
2017-05-20 20:00:00,05/20/17,20.420,92.317,18.918
2017-05-20 21:00:00,05/20/17,20.269,92.469,18.791
2017-05-20 22:00:00,05/20/17,20.329,92.707,18.886
2017-05-20 23:00:00,05/20/17,20.351,92.963,18.947
2017-05-21 00:00:00,05/21/17,19.875,93.175,18.505
2017-05-21 01:00:00,05/21/17,19.444,93.323,18.099
2017-05-21 02:00:00,05/21/17,19.498,93.394,18.163
2017-05-21 03:00:00,05/21/17,19.658,93.526,18.343
2017-05-21 04:00:00,05/21/17,19.575,93.573,18.267
2017-05-21 05:00:00,05/21/17,19.593,93.602,18.289
2017-05-21 06:00:00,05/21/17,19.510,93.692,18.219
2017-05-21 07:00:00,05/21/17,19.678,93.701,18.389
2017-05-21 08:00:00,05/21/17,19.833,93.702,18.544
2017-05-21 09:00:00,05/21/17,19.446,93.790,18.171
2017-05-21 10:00:00,05/21/17,20.764,93.639,19.462
2017-05-21 11:00:00,05/21/17,21.939,92.957,20.529
2017-05-21 12:00:00,05/21/17,22.419,91.553,20.786
2017-05-21 13:00:00,05/21/17,23.298,88.290,21.129
2017-05-21 14:00:00,05/21/17,24.449,83.257,21.383
2017-05-21 15:00:00,05/21/17,24.476,79.973,20.816
2017-05-21 16:00:00,05/21/17,24.589,79.110,20.764
2017-05-21 17:00:00,05/21/17,24.532,79.529,20.789
2017-05-21 18:00:00,05/21/17,24.369,80.119,20.741
2017-05-21 19:00:00,05/21/17,24.060,79.266,20.279
2017-05-21 20:00:00,05/21/17,23.795,79.211,20.009
2017-05-21 21:00:00,05/21/17,23.579,80.142,19.973
2017-05-21 22:00:00,05/21/17,22.972,82.905,19.881
2017-05-21 23:00:00,05/21/17,22.523,84.652,19.746
2017-05-22 00:00:00,05/22/17,22.031,87.338,19.716
2017-05-22 01:00:00,05/22/17,21.471,89.382,19.498
2017-05-22 02:00:00,05/22/17,20.879,91.040,19.175
2017-05-22 03:00:00,05/22/17,20.432,91.931,18.870
2017-05-22 04:00:00,05/22/17,20.166,92.403,18.678
2017-05-22 05:00:00,05/22/17,20.027,92.729,18.589
2017-05-22 06:00:00,05/22/17,20.563,92.774,19.130
2017-05-22 07:00:00,05/22/17,22.392,90.591,20.604
2017-05-22 08:00:00,05/22/17,23.392,87.419,21.076
2017-05-22 09:00:00,05/22/17,23.869,84.189,20.989
2017-05-22 10:00:00,05/22/17,23.723,83.727,20.763
2017-05-22 11:00:00,05/22/17,23.533,81.172,20.115
2017-05-22 12:00:00,05/22/17,21.356,88.853,19.290
2017-05-22 13:00:00,05/22/17,20.131,92.171,18.607
2017-05-22 14:00:00,05/22/17,20.702,92.711,19.259
2017-05-22 15:00:00,05/22/17,20.941,93.025,19.544
2017-05-22 16:00:00,05/22/17,20.202,93.268,18.845
2017-05-22 17:00:00,05/22/17,20.045,93.439,18.715
2017-05-22 18:00:00,05/22/17,19.984,93.537,18.668
2017-05-22 19:00:00,05/22/17,19.948,93.634,18.648
2017-05-22 20:00:00,05/22/17,19.944,93.739,18.660
2017-05-22 21:00:00,05/22/17,20.025,93.818,18.752
2017-05-22 22:00:00,05/22/17,20.132,93.883,18.869
2017-05-22 23:00:00,05/22/17,20.152,93.968,18.902
2017-05-23 00:00:00,05/23/17,20.033,94.041,18.794
2017-05-23 01:00:00,05/23/17,19.663,94.156,18.441
2017-05-23 02:00:00,05/23/17,19.300,94.249,18.093
2017-05-23 03:00:00,05/23/17,19.240,94.289,18.040
2017-05-23 04:00:00,05/23/17,19.310,94.317,18.113
2017-05-23 05:00:00,05/23/17,19.426,94.319,18.230
2017-05-23 06:00:00,05/23/17,19.536,94.320,18.339
2017-05-23 07:00:00,05/23/17,19.462,94.348,18.270
2017-05-23 08:00:00,05/23/17,19.149,94.426,17.969
2017-05-23 09:00:00,05/23/17,19.082,94.466,17.908
2017-05-23 10:00:00,05/23/17,19.147,94.505,17.978
2017-05-23 11:00:00,05/23/17,18.967,94.562,17.807
2017-05-23 12:00:00,05/23/17,18.989,94.627,17.838
2017-05-23 13:00:00,05/23/17,19.688,94.551,18.526
2017-05-23 14:00:00,05/23/17,20.196,94.131,18.970
2017-05-23 15:00:00,05/23/17,20.496,92.682,19.048
2017-05-23 16:00:00,05/23/17,21.064,90.045,19.200
2017-05-23 17:00:00,05/23/17,21.422,87.739,19.179
2017-05-23 18:00:00,05/23/17,21.212,86.634,18.792
2017-05-23 19:00:00,05/23/17,21.227,84.635,18.468
2017-05-23 20:00:00,05/23/17,20.793,87.016,18.439
2017-05-23 21:00:00,05/23/17,18.305,89.689,16.400
2017-05-23 22:00:00,05/23/17,17.108,92.956,15.715
2017-05-23 23:00:00,05/23/17,17.163,93.610,15.867
2017-05-24 00:00:00,05/24/17,17.134,93.913,15.882
2017-05-24 01:00:00,05/24/17,17.046,94.068,15.818
2017-05-24 02:00:00,05/24/17,17.251,94.181,16.038
2017-05-24 03:00:00,05/24/17,17.253,94.289,16.056
2017-05-24 04:00:00,05/24/17,17.703,94.368,16.516
2017-05-24 05:00:00,05/24/17,18.325,94.410,17.144
2017-05-24 06:00:00,05/24/17,18.505,94.436,17.327
2017-05-24 07:00:00,05/24/17,18.870,94.277,17.668
2017-05-24 08:00:00,05/24/17,19.312,93.487,17.991
2017-05-24 09:00:00,05/24/17,20.025,91.036,18.326
2017-05-24 10:00:00,05/24/17,20.901,88.687,18.819
2017-05-24 11:00:00,05/24/17,21.889,85.828,19.321
2017-05-24 12:00:00,05/24/17,22.982,79.016,19.174
2017-05-24 13:00:00,05/24/17,23.765,74.439,19.042
2017-05-24 14:00:00,05/24/17,23.044,73.167,18.085
2017-05-24 15:00:00,05/24/17,23.214,65.578,16.613
2017-05-24 16:00:00,05/24/17,22.748,63.922,15.792
2017-05-24 17:00:00,05/24/17,22.077,61.352,14.529
2017-05-24 18:00:00,05/24/17,21.244,66.050,14.848
2017-05-24 19:00:00,05/24/17,19.956,69.022,14.260
2017-05-24 20:00:00,05/24/17,18.117,76.055,13.874
2017-05-24 21:00:00,05/24/17,17.344,77.639,13.422
2017-05-24 22:00:00,05/24/17,16.439,80.319,13.022
2017-05-24 23:00:00,05/24/17,16.082,83.315,13.183
2017-05-25 00:00:00,05/25/17,16.262,82.593,13.240
2017-05-25 01:00:00,05/25/17,15.553,84.005,12.773
2017-05-25 02:00:00,05/25/17,14.960,87.848,12.806
2017-05-25 03:00:00,05/25/17,14.481,90.854,12.789
2017-05-25 04:00:00,05/25/17,13.812,92.619,12.383
2017-05-25 05:00:00,05/25/17,13.622,93.174,12.273
2017-05-25 06:00:00,05/25/17,13.570,93.312,12.241
2017-05-25 07:00:00,05/25/17,13.802,92.828,12.403
2017-05-25 08:00:00,05/25/17,14.445,89.796,12.591
2017-05-25 09:00:00,05/25/17,15.907,84.566,13.217
2017-05-25 10:00:00,05/25/17,16.931,77.954,13.070
2017-05-25 11:00:00,05/25/17,18.491,68.761,12.792
2017-05-25 12:00:00,05/25/17,19.013,65.208,12.511
2017-05-25 13:00:00,05/25/17,20.026,60.896,12.482
2017-05-25 14:00:00,05/25/17,20.714,57.307,12.249
2017-05-25 15:00:00,05/25/17,20.839,56.994,12.281
2017-05-25 16:00:00,05/25/17,20.579,56.721,11.965
2017-05-25 17:00:00,05/25/17,20.396,59.726,12.557
2017-05-25 18:00:00,05/25/17,19.772,61.727,12.454
2017-05-25 19:00:00,05/25/17,19.111,63.133,12.156
2017-05-25 20:00:00,05/25/17,18.477,63.137,11.555
2017-05-25 21:00:00,05/25/17,17.885,68.124,12.071
2017-05-25 22:00:00,05/25/17,17.455,71.817,12.418
2017-05-25 23:00:00,05/25/17,17.161,73.007,12.378
2017-05-26 00:00:00,05/26/17,16.636,74.203,12.098
2017-05-26 01:00:00,05/26/17,16.060,75.766,11.834
2017-05-26 02:00:00,05/26/17,15.001,81.991,11.894
2017-05-26 03:00:00,05/26/17,13.798,86.296,11.416
2017-05-26 04:00:00,05/26/17,13.165,88.740,11.167
2017-05-26 05:00:00,05/26/17,12.863,90.284,11.099
2017-05-26 06:00:00,05/26/17,13.485,90.013,11.676
2017-05-26 07:00:00,05/26/17,15.727,85.982,13.260
2017-05-26 08:00:00,05/26/17,18.394,73.702,13.691
2017-05-26 09:00:00,05/26/17,20.321,65.564,13.855
2017-05-26 10:00:00,05/26/17,21.680,62.042,14.332
2017-05-26 11:00:00,05/26/17,23.036,59.543,15.000
2017-05-26 12:00:00,05/26/17,24.374,57.647,15.770
2017-05-26 13:00:00,05/26/17,25.362,56.683,16.439
2017-05-26 14:00:00,05/26/17,26.174,54.915,16.708
2017-05-26 15:00:00,05/26/17,26.380,54.376,16.749
2017-05-26 16:00:00,05/26/17,26.219,55.929,17.033
2017-05-26 17:00:00,05/26/17,26.118,56.496,17.093
2017-05-26 18:00:00,05/26/17,25.615,57.560,16.910
2017-05-26 19:00:00,05/26/17,24.954,58.550,16.549
2017-05-26 20:00:00,05/26/17,24.375,61.943,16.862
2017-05-26 21:00:00,05/26/17,23.877,64.408,16.980
2017-05-26 22:00:00,05/26/17,23.198,67.716,17.085
2017-05-26 23:00:00,05/26/17,22.393,70.761,16.968
2017-05-27 00:00:00,05/27/17,21.925,72.899,16.960
2017-05-27 01:00:00,05/27/17,20.984,78.549,17.136
2017-05-27 02:00:00,05/27/17,20.150,83.176,17.157
2017-05-27 03:00:00,05/27/17,19.811,85.613,17.238
2017-05-27 04:00:00,05/27/17,20.458,82.012,17.256
2017-05-27 05:00:00,05/27/17,20.488,81.330,17.165
2017-05-27 06:00:00,05/27/17,20.619,80.476,17.139
2017-05-27 07:00:00,05/27/17,21.328,77.919,17.360
2017-05-27 08:00:00,05/27/17,22.202,73.953,17.437
2017-05-27 09:00:00,05/27/17,23.575,69.133,17.757
2017-05-27 10:00:00,05/27/17,24.601,69.155,18.745
2017-05-27 11:00:00,05/27/17,25.947,67.338,19.626
2017-05-27 12:00:00,05/27/17,26.199,66.189,19.603
2017-05-27 13:00:00,05/27/17,26.563,65.115,19.699
2017-05-27 14:00:00,05/27/17,26.604,67.669,20.330
2017-05-27 15:00:00,05/27/17,26.720,68.534,20.635
2017-05-27 16:00:00,05/27/17,26.665,68.329,20.539
2017-05-27 17:00:00,05/27/17,26.270,70.258,20.589
2017-05-27 18:00:00,05/27/17,25.708,72.235,20.471
2017-05-27 19:00:00,05/27/17,25.216,74.923,20.553
2017-05-27 20:00:00,05/27/17,24.665,77.631,20.556
2017-05-27 21:00:00,05/27/17,24.562,79.709,20.853
2017-05-27 22:00:00,05/27/17,24.375,81.258,20.959
2017-05-27 23:00:00,05/27/17,24.263,82.325,21.043
2017-05-28 00:00:00,05/28/17,22.976,83.092,19.915
2017-05-28 01:00:00,05/28/17,19.748,86.205,17.272
2017-05-28 02:00:00,05/28/17,19.407,88.171,17.259
2017-05-28 03:00:00,05/28/17,19.195,89.261,17.223
2017-05-28 04:00:00,05/28/17,19.514,89.342,17.551
2017-05-28 05:00:00,05/28/17,18.503,90.932,16.787
2017-05-28 06:00:00,05/28/17,18.180,93.221,16.823
2017-05-28 07:00:00,05/28/17,18.493,93.510,17.179
2017-05-28 08:00:00,05/28/17,18.953,93.512,17.637
2017-05-28 09:00:00,05/28/17,20.135,93.313,18.785
2017-05-28 10:00:00,05/28/17,22.430,90.763,20.669
2017-05-28 11:00:00,05/28/17,23.840,86.678,21.387
2017-05-28 12:00:00,05/28/17,25.664,79.321,21.844
2017-05-28 13:00:00,05/28/17,26.753,72.811,21.599
2017-05-28 14:00:00,05/28/17,27.214,68.190,21.033
2017-05-28 15:00:00,05/28/17,26.309,72.045,21.001
2017-05-28 16:00:00,05/28/17,26.008,75.501,21.437
2017-05-28 17:00:00,05/28/17,26.044,74.262,21.217
2017-05-28 18:00:00,05/28/17,25.907,71.069,20.413
2017-05-28 19:00:00,05/28/17,25.133,68.934,19.208
2017-05-28 20:00:00,05/28/17,24.398,69.862,18.704
2017-05-28 21:00:00,05/28/17,23.414,73.980,18.617
2017-05-28 22:00:00,05/28/17,22.946,75.164,18.402
2017-05-28 23:00:00,05/28/17,22.361,77.077,18.207
2017-05-29 00:00:00,05/29/17,21.746,80.292,18.207
2017-05-29 01:00:00,05/29/17,21.318,83.627,18.383
2017-05-29 02:00:00,05/29/17,21.091,85.772,18.527
2017-05-29 03:00:00,05/29/17,20.815,86.788,18.425
2017-05-29 04:00:00,05/29/17,20.728,87.832,18.511
2017-05-29 05:00:00,05/29/17,20.408,88.761,18.345
2017-05-29 06:00:00,05/29/17,20.651,88.952,18.616
2017-05-29 07:00:00,05/29/17,21.638,86.418,19.174
2017-05-29 08:00:00,05/29/17,22.491,82.650,19.360
2017-05-29 09:00:00,05/29/17,23.958,76.645,19.673
2017-05-29 10:00:00,05/29/17,25.124,73.547,20.179
2017-05-29 11:00:00,05/29/17,25.744,71.758,20.406
2017-05-29 12:00:00,05/29/17,26.130,70.736,20.557
2017-05-29 13:00:00,05/29/17,25.972,73.509,20.986
2017-05-29 14:00:00,05/29/17,23.259,84.757,20.441
2017-05-29 15:00:00,05/29/17,20.869,91.983,19.312
2017-05-29 16:00:00,05/29/17,21.042,92.724,19.599
2017-05-29 17:00:00,05/29/17,21.260,92.837,19.834
2017-05-29 18:00:00,05/29/17,21.572,92.796,20.139
2017-05-29 19:00:00,05/29/17,21.418,92.937,20.006
2017-05-29 20:00:00,05/29/17,21.372,93.120,19.989
2017-05-29 21:00:00,05/29/17,21.358,93.344,20.009
2017-05-29 22:00:00,05/29/17,21.346,93.497,20.021
2017-05-29 23:00:00,05/29/17,20.849,93.574,19.537
2017-05-30 00:00:00,05/30/17,20.335,93.575,19.025
2017-05-30 01:00:00,05/30/17,19.738,93.530,18.423
2017-05-30 02:00:00,05/30/17,19.316,93.593,18.011
2017-05-30 03:00:00,05/30/17,19.205,93.773,17.927
2017-05-30 04:00:00,05/30/17,19.280,93.946,18.028
2017-05-30 05:00:00,05/30/17,19.266,93.989,18.021
2017-05-30 06:00:00,05/30/17,19.411,93.889,18.150
2017-05-30 07:00:00,05/30/17,19.764,93.789,18.487
2017-05-30 08:00:00,05/30/17,20.329,93.731,19.042
2017-05-30 09:00:00,05/30/17,21.394,93.129,20.011
2017-05-30 10:00:00,05/30/17,20.466,93.203,19.098
2017-05-30 11:00:00,05/30/17,20.315,94.042,19.075
2017-05-30 12:00:00,05/30/17,19.815,94.246,18.607
2017-05-30 13:00:00,05/30/17,20.095,94.269,18.889
2017-05-30 14:00:00,05/30/17,20.237,94.111,19.008
2017-05-30 15:00:00,05/30/17,20.801,93.560,19.488
2017-05-30 16:00:00,05/30/17,20.519,93.875,19.254
2017-05-30 17:00:00,05/30/17,20.176,94.157,18.954
2017-05-30 18:00:00,05/30/17,19.964,94.262,18.758
2017-05-30 19:00:00,05/30/17,19.922,94.324,18.726
2017-05-30 20:00:00,05/30/17,19.972,94.403,18.787
2017-05-30 21:00:00,05/30/17,19.561,94.521,18.395
2017-05-30 22:00:00,05/30/17,19.407,94.598,18.251
2017-05-30 23:00:00,05/30/17,19.345,94.641,18.197
2017-05-31 00:00:00,05/31/17,19.232,94.692,18.091
2017-05-31 01:00:00,05/31/17,19.185,94.712,18.047
2017-05-31 02:00:00,05/31/17,19.060,94.752,17.928
2017-05-31 03:00:00,05/31/17,18.574,94.853,17.458
2017-05-31 04:00:00,05/31/17,18.747,94.856,17.631
2017-05-31 05:00:00,05/31/17,18.802,94.866,17.688
2017-05-31 06:00:00,05/31/17,18.879,94.888,17.768
2017-05-31 07:00:00,05/31/17,19.349,94.849,18.231
2017-05-31 08:00:00,05/31/17,19.914,94.799,18.788
2017-05-31 09:00:00,05/31/17,20.452,94.738,19.316
2017-05-31 10:00:00,05/31/17,21.519,94.276,20.312
2017-05-31 11:00:00,05/31/17,23.086,88.128,20.882
2017-05-31 12:00:00,05/31/17,24.006,82.596,20.836
2017-05-31 13:00:00,05/31/17,24.124,79.785,20.437
2017-05-31 14:00:00,05/31/17,25.015,74.893,20.341
2017-05-31 15:00:00,05/31/17,24.784,70.557,19.223
2017-05-31 16:00:00,05/31/17,24.498,71.803,19.215
2017-05-31 17:00:00,05/31/17,24.815,72.102,19.583
2017-05-31 18:00:00,05/31/17,24.736,71.173,19.311
2017-05-31 19:00:00,05/31/17,24.402,72.626,19.295
2017-05-31 20:00:00,05/31/17,23.789,74.910,19.166
2017-05-31 21:00:00,05/31/17,23.146,78.598,19.260
2017-05-31 22:00:00,05/31/17,22.625,83.413,19.627
2017-05-31 23:00:00,05/31/17,21.658,87.927,19.446
2017-06-01 00:00:00,06/01/17,21.165,89.744,19.253
2017-06-01 01:00:00,06/01/17,20.597,91.501,18.967
2017-06-01 02:00:00,06/01/17,20.069,92.463,18.590
2017-06-01 03:00:00,06/01/17,19.686,93.034,18.296
2017-06-01 04:00:00,06/01/17,19.387,93.395,18.052
2017-06-01 05:00:00,06/01/17,19.123,93.653,17.828
2017-06-01 06:00:00,06/01/17,19.585,93.732,18.301
2017-06-01 07:00:00,06/01/17,20.706,93.046,19.313
2017-06-01 08:00:00,06/01/17,21.885,90.381,20.069
2017-06-01 09:00:00,06/01/17,23.073,85.861,20.488
2017-06-01 10:00:00,06/01/17,24.733,77.673,20.594
2017-06-01 11:00:00,06/01/17,25.536,70.260,19.873
2017-06-01 12:00:00,06/01/17,26.207,60.629,18.252
2017-06-01 13:00:00,06/01/17,25.509,65.693,18.828
2017-06-01 14:00:00,06/01/17,25.410,64.865,18.540
2017-06-01 15:00:00,06/01/17,25.712,62.255,18.197
2017-06-01 16:00:00,06/01/17,25.445,61.954,17.873
2017-06-01 17:00:00,06/01/17,25.008,65.455,18.273
2017-06-01 18:00:00,06/01/17,24.394,75.912,19.951
2017-06-01 19:00:00,06/01/17,23.395,78.915,19.558
2017-06-01 20:00:00,06/01/17,22.401,82.260,19.206
2017-06-01 21:00:00,06/01/17,21.955,83.849,19.048
2017-06-01 22:00:00,06/01/17,21.626,86.104,19.111
2017-06-01 23:00:00,06/01/17,21.185,87.499,18.908
2017-06-02 00:00:00,06/02/17,20.722,88.818,18.665
2017-06-02 01:00:00,06/02/17,20.490,89.763,18.586
2017-06-02 02:00:00,06/02/17,20.297,90.653,18.536
2017-06-02 03:00:00,06/02/17,20.089,91.103,18.400
2017-06-02 04:00:00,06/02/17,19.853,91.505,18.228
2017-06-02 05:00:00,06/02/17,19.536,92.310,18.036
2017-06-02 06:00:00,06/02/17,19.910,92.441,18.429
2017-06-02 07:00:00,06/02/17,21.171,90.606,19.395
2017-06-02 08:00:00,06/02/17,22.334,85.253,19.658
2017-06-02 09:00:00,06/02/17,23.300,80.318,19.732
2017-06-02 10:00:00,06/02/17,24.161,76.291,19.800
2017-06-02 11:00:00,06/02/17,25.465,67.789,19.230
2017-06-02 12:00:00,06/02/17,25.777,62.013,18.188
2017-06-02 13:00:00,06/02/17,27.055,55.124,17.541
2017-06-02 14:00:00,06/02/17,27.744,50.058,16.727
2017-06-02 15:00:00,06/02/17,27.464,50.346,16.561
2017-06-02 16:00:00,06/02/17,27.959,48.419,16.408
2017-06-02 17:00:00,06/02/17,27.684,50.292,16.747
2017-06-02 18:00:00,06/02/17,27.290,51.276,16.688
2017-06-02 19:00:00,06/02/17,26.667,52.641,16.503
2017-06-02 20:00:00,06/02/17,25.497,55.833,16.329
2017-06-02 21:00:00,06/02/17,24.386,61.456,16.735
2017-06-02 22:00:00,06/02/17,23.437,66.935,17.137
2017-06-02 23:00:00,06/02/17,23.124,70.278,17.569
2017-06-03 00:00:00,06/03/17,22.535,74.443,17.856
2017-06-03 01:00:00,06/03/17,21.654,79.872,18.037
2017-06-03 02:00:00,06/03/17,20.821,83.807,17.925
2017-06-03 03:00:00,06/03/17,20.232,87.284,17.930
2017-06-03 04:00:00,06/03/17,19.859,88.779,17.804
2017-06-03 05:00:00,06/03/17,19.516,90.094,17.673
2017-06-03 06:00:00,06/03/17,20.077,90.234,18.251
2017-06-03 07:00:00,06/03/17,21.959,86.613,19.522
2017-06-03 08:00:00,06/03/17,23.884,78.686,19.990
2017-06-03 09:00:00,06/03/17,25.544,73.017,20.469
2017-06-03 10:00:00,06/03/17,26.845,65.214,19.988
2017-06-03 11:00:00,06/03/17,27.483,59.152,19.020
2017-06-03 12:00:00,06/03/17,28.308,54.771,18.631
2017-06-03 13:00:00,06/03/17,27.697,60.213,19.555
2017-06-03 14:00:00,06/03/17,28.394,57.175,19.399
2017-06-03 15:00:00,06/03/17,27.286,62.060,19.642
2017-06-03 16:00:00,06/03/17,27.300,60.988,19.387
2017-06-03 17:00:00,06/03/17,27.760,60.445,19.681
2017-06-03 18:00:00,06/03/17,25.728,73.033,20.546
2017-06-03 19:00:00,06/03/17,23.052,88.100,20.853
2017-06-03 20:00:00,06/03/17,22.974,89.216,20.962
2017-06-03 21:00:00,06/03/17,23.034,89.132,21.007
2017-06-03 22:00:00,06/03/17,22.808,90.307,20.974
2017-06-03 23:00:00,06/03/17,22.653,88.132,20.464
2017-06-04 00:00:00,06/04/17,22.665,88.830,20.591
2017-06-04 01:00:00,06/04/17,22.286,90.501,20.487
2017-06-04 02:00:00,06/04/17,22.208,91.392,20.551
2017-06-04 03:00:00,06/04/17,21.983,91.505,20.346
2017-06-04 04:00:00,06/04/17,21.965,91.402,20.311
2017-06-04 05:00:00,06/04/17,22.044,91.328,20.379
2017-06-04 06:00:00,06/04/17,22.128,91.191,20.440
2017-06-04 07:00:00,06/04/17,22.683,90.301,20.848
2017-06-04 08:00:00,06/04/17,22.908,89.270,20.905
2017-06-04 09:00:00,06/04/17,22.230,92.289,20.714
2017-06-04 10:00:00,06/04/17,22.487,92.008,20.926
2017-06-04 11:00:00,06/04/17,21.450,92.759,20.010
2017-06-04 12:00:00,06/04/17,20.914,93.809,19.638
2017-06-04 13:00:00,06/04/17,21.762,93.498,20.435
2017-06-04 14:00:00,06/04/17,23.033,90.489,21.221
2017-06-04 15:00:00,06/04/17,24.358,84.669,21.554
2017-06-04 16:00:00,06/04/17,25.184,81.567,21.804
2017-06-04 17:00:00,06/04/17,24.549,79.171,20.738
2017-06-04 18:00:00,06/04/17,23.004,85.460,20.356
2017-06-04 19:00:00,06/04/17,22.120,90.463,20.315
2017-06-04 20:00:00,06/04/17,21.402,92.713,19.956
2017-06-04 21:00:00,06/04/17,21.288,93.415,19.951
2017-06-04 22:00:00,06/04/17,21.087,93.745,19.801
2017-06-04 23:00:00,06/04/17,20.968,93.951,19.713
2017-06-05 00:00:00,06/05/17,20.972,94.059,19.733
2017-06-05 01:00:00,06/05/17,20.992,94.141,19.766
2017-06-05 02:00:00,06/05/17,21.093,94.198,19.875
2017-06-05 03:00:00,06/05/17,21.274,94.244,20.063
2017-06-05 04:00:00,06/05/17,21.298,94.308,20.096
2017-06-05 05:00:00,06/05/17,21.264,94.366,20.071
2017-06-05 06:00:00,06/05/17,21.246,94.406,20.060
2017-06-05 07:00:00,06/05/17,21.356,94.431,20.172
2017-06-05 08:00:00,06/05/17,21.682,94.421,20.497
2017-06-05 09:00:00,06/05/17,22.154,94.305,20.950
2017-06-05 10:00:00,06/05/17,23.137,93.115,21.746
2017-06-05 11:00:00,06/05/17,23.697,91.501,22.048
2017-06-05 12:00:00,06/05/17,23.998,92.077,22.439
2017-06-05 13:00:00,06/05/17,24.728,88.428,22.565
2017-06-05 14:00:00,06/05/17,25.512,83.637,22.506
2017-06-05 15:00:00,06/05/17,25.526,82.344,22.280
2017-06-05 16:00:00,06/05/17,22.809,86.246,20.276
2017-06-05 17:00:00,06/05/17,22.001,92.603,20.535
2017-06-05 18:00:00,06/05/17,22.186,92.979,20.778
2017-06-05 19:00:00,06/05/17,21.893,93.413,20.553
2017-06-05 20:00:00,06/05/17,21.704,93.757,20.418
2017-06-05 21:00:00,06/05/17,21.730,93.757,20.443
2017-06-05 22:00:00,06/05/17,21.624,93.846,20.352
2017-06-05 23:00:00,06/05/17,21.304,94.025,20.060
2017-06-06 00:00:00,06/06/17,21.328,94.164,20.105
2017-06-06 01:00:00,06/06/17,21.370,94.266,20.161
2017-06-06 02:00:00,06/06/17,21.250,94.407,20.064
2017-06-06 03:00:00,06/06/17,21.258,94.489,20.084
2017-06-06 04:00:00,06/06/17,20.992,94.580,19.832
2017-06-06 05:00:00,06/06/17,20.778,94.667,19.631
2017-06-06 06:00:00,06/06/17,21.002,94.665,19.855
2017-06-06 07:00:00,06/06/17,21.169,94.665,20.021
2017-06-06 08:00:00,06/06/17,21.774,94.529,20.605
2017-06-06 09:00:00,06/06/17,22.643,93.373,21.294
2017-06-06 10:00:00,06/06/17,23.519,90.948,21.781
2017-06-06 11:00:00,06/06/17,23.897,88.015,21.676
2017-06-06 12:00:00,06/06/17,24.004,87.106,21.628
2017-06-06 13:00:00,06/06/17,23.149,88.055,20.942
2017-06-06 14:00:00,06/06/17,21.237,88.989,19.201
2017-06-06 15:00:00,06/06/17,22.054,91.186,20.366
2017-06-06 16:00:00,06/06/17,22.601,92.917,21.182
2017-06-06 17:00:00,06/06/17,23.064,93.095,21.671
2017-06-06 18:00:00,06/06/17,22.904,92.075,21.352
2017-06-06 19:00:00,06/06/17,22.627,92.602,21.158
2017-06-06 20:00:00,06/06/17,22.315,92.915,20.897
2017-06-06 21:00:00,06/06/17,22.035,93.699,20.738
2017-06-06 22:00:00,06/06/17,21.889,93.835,20.614
2017-06-06 23:00:00,06/06/17,21.614,93.017,20.215
2017-06-07 00:00:00,06/07/17,21.078,93.609,19.770
2017-06-07 01:00:00,06/07/17,20.563,94.187,19.345
2017-06-07 02:00:00,06/07/17,20.238,94.502,19.067
2017-06-07 03:00:00,06/07/17,20.003,94.698,18.863
2017-06-07 04:00:00,06/07/17,19.843,94.785,18.715
2017-06-07 05:00:00,06/07/17,19.722,92.772,18.290
2017-06-07 06:00:00,06/07/17,18.899,86.334,16.455
2017-06-07 07:00:00,06/07/17,19.474,80.316,15.985
2017-06-07 08:00:00,06/07/17,20.380,74.792,15.834
2017-06-07 09:00:00,06/07/17,21.284,66.154,14.897
2017-06-07 10:00:00,06/07/17,22.381,61.006,14.738
2017-06-07 11:00:00,06/07/17,23.038,59.564,15.008
2017-06-07 12:00:00,06/07/17,23.868,58.845,15.606
2017-06-07 13:00:00,06/07/17,24.366,59.461,16.229
2017-06-07 14:00:00,06/07/17,24.577,58.804,16.260
2017-06-07 15:00:00,06/07/17,24.804,59.173,16.565
2017-06-07 16:00:00,06/07/17,24.821,59.505,16.664
2017-06-07 17:00:00,06/07/17,24.986,57.412,16.281
2017-06-07 18:00:00,06/07/17,24.595,59.816,16.524
2017-06-07 19:00:00,06/07/17,24.018,64.416,17.115
2017-06-07 20:00:00,06/07/17,23.068,68.288,17.087
2017-06-07 21:00:00,06/07/17,21.713,73.478,16.838
2017-06-07 22:00:00,06/07/17,18.523,91.821,16.953
2017-06-07 23:00:00,06/07/17,18.945,93.356,17.606
2017-06-08 00:00:00,06/08/17,19.127,93.618,17.827
2017-06-08 01:00:00,06/08/17,19.151,93.922,17.896
2017-06-08 02:00:00,06/08/17,18.747,93.995,17.503
2017-06-08 03:00:00,06/08/17,18.410,94.054,17.176
2017-06-08 04:00:00,06/08/17,18.059,94.315,16.865
2017-06-08 05:00:00,06/08/17,17.728,94.512,16.563
2017-06-08 06:00:00,06/08/17,17.550,94.232,16.344
2017-06-08 07:00:00,06/08/17,17.976,93.778,16.702
2017-06-08 08:00:00,06/08/17,19.324,87.779,17.106
2017-06-08 09:00:00,06/08/17,20.133,80.852,16.727
2017-06-08 10:00:00,06/08/17,21.000,76.341,16.720
2017-06-08 11:00:00,06/08/17,21.973,68.119,15.998
2017-06-08 12:00:00,06/08/17,22.332,67.054,16.104
2017-06-08 13:00:00,06/08/17,22.539,66.424,16.158
2017-06-08 14:00:00,06/08/17,23.821,61.643,16.257
2017-06-08 15:00:00,06/08/17,23.946,59.339,15.801
2017-06-08 16:00:00,06/08/17,23.882,59.843,15.872
2017-06-08 17:00:00,06/08/17,23.419,61.958,15.960
2017-06-08 18:00:00,06/08/17,23.230,63.133,16.064
2017-06-08 19:00:00,06/08/17,23.016,62.469,15.703
2017-06-08 20:00:00,06/08/17,22.631,65.877,16.124
2017-06-08 21:00:00,06/08/17,22.108,68.756,16.267
2017-06-08 22:00:00,06/08/17,21.664,71.125,16.342
2017-06-08 23:00:00,06/08/17,20.347,79.077,16.611
2017-06-09 00:00:00,06/09/17,19.659,83.720,16.768
2017-06-09 01:00:00,06/09/17,19.730,85.157,17.082
2017-06-09 02:00:00,06/09/17,19.209,86.554,16.799
2017-06-09 03:00:00,06/09/17,18.448,90.017,16.600
2017-06-09 04:00:00,06/09/17,18.014,90.979,16.319
2017-06-09 05:00:00,06/09/17,17.827,91.206,16.168
2017-06-09 06:00:00,06/09/17,18.305,90.704,16.565
2017-06-09 07:00:00,06/09/17,19.256,89.344,17.297
2017-06-09 08:00:00,06/09/17,20.965,85.000,18.267
2017-06-09 09:00:00,06/09/17,22.975,77.585,18.884
2017-06-09 10:00:00,06/09/17,23.910,68.729,17.973
2017-06-09 11:00:00,06/09/17,24.651,62.054,17.138
2017-06-09 12:00:00,06/09/17,25.696,55.291,16.366
2017-06-09 13:00:00,06/09/17,26.356,52.982,16.326
2017-06-09 14:00:00,06/09/17,26.456,51.757,16.029
2017-06-09 15:00:00,06/09/17,26.716,50.636,15.956
2017-06-09 16:00:00,06/09/17,26.164,54.998,16.718
2017-06-09 17:00:00,06/09/17,25.939,54.651,16.418
2017-06-09 18:00:00,06/09/17,25.428,54.442,15.880
2017-06-09 19:00:00,06/09/17,25.101,52.436,15.009
2017-06-09 20:00:00,06/09/17,24.456,54.098,14.879
2017-06-09 21:00:00,06/09/17,22.909,60.681,15.153
2017-06-09 22:00:00,06/09/17,21.698,68.863,15.892
2017-06-09 23:00:00,06/09/17,20.793,73.144,15.912
2017-06-10 00:00:00,06/10/17,20.117,77.409,16.084
2017-06-10 01:00:00,06/10/17,19.587,82.682,16.516
2017-06-10 02:00:00,06/10/17,18.953,85.764,16.417
2017-06-10 03:00:00,06/10/17,18.408,87.305,16.131
2017-06-10 04:00:00,06/10/17,18.026,89.507,16.102
2017-06-10 05:00:00,06/10/17,18.576,87.359,16.305
2017-06-10 06:00:00,06/10/17,19.032,87.461,16.773
2017-06-10 07:00:00,06/10/17,20.703,84.580,17.940
2017-06-10 08:00:00,06/10/17,23.013,73.994,18.212
2017-06-10 09:00:00,06/10/17,24.801,64.328,17.822
2017-06-10 10:00:00,06/10/17,25.978,57.482,17.218
2017-06-10 11:00:00,06/10/17,25.459,59.264,17.204
2017-06-10 12:00:00,06/10/17,25.109,61.218,17.376
2017-06-10 13:00:00,06/10/17,25.783,59.295,17.511
2017-06-10 14:00:00,06/10/17,25.698,59.648,17.520
2017-06-10 15:00:00,06/10/17,26.181,59.367,17.909
2017-06-10 16:00:00,06/10/17,27.471,52.570,17.229
2017-06-10 17:00:00,06/10/17,26.961,52.110,16.632
2017-06-10 18:00:00,06/10/17,27.073,51.660,16.603
2017-06-10 19:00:00,06/10/17,26.506,53.128,16.510
2017-06-10 20:00:00,06/10/17,25.124,58.791,16.747
2017-06-10 21:00:00,06/10/17,23.376,67.284,17.158
2017-06-10 22:00:00,06/10/17,22.383,73.038,17.421
2017-06-10 23:00:00,06/10/17,21.531,77.790,17.531
2017-06-11 00:00:00,06/11/17,20.497,81.346,17.175
2017-06-11 01:00:00,06/11/17,20.512,80.811,17.075
2017-06-11 02:00:00,06/11/17,21.445,77.634,17.420
2017-06-11 03:00:00,06/11/17,20.905,81.422,17.588
2017-06-11 04:00:00,06/11/17,20.212,85.579,17.627
2017-06-11 05:00:00,06/11/17,19.835,88.134,17.677
2017-06-11 06:00:00,06/11/17,19.873,89.490,17.931
2017-06-11 07:00:00,06/11/17,21.339,89.289,19.352
2017-06-11 08:00:00,06/11/17,23.304,86.829,20.889
2017-06-11 09:00:00,06/11/17,24.438,82.838,21.307
2017-06-11 10:00:00,06/11/17,25.318,79.648,21.571
2017-06-11 11:00:00,06/11/17,26.223,74.354,21.409
2017-06-11 12:00:00,06/11/17,27.026,69.946,21.245
2017-06-11 13:00:00,06/11/17,27.614,67.737,21.306
2017-06-11 14:00:00,06/11/17,28.221,63.205,20.812
2017-06-11 15:00:00,06/11/17,28.430,62.248,20.770
2017-06-11 16:00:00,06/11/17,28.632,61.237,20.706
2017-06-11 17:00:00,06/11/17,28.651,59.939,20.388
2017-06-11 18:00:00,06/11/17,28.419,60.898,20.418
2017-06-11 19:00:00,06/11/17,27.631,60.736,19.632
2017-06-11 20:00:00,06/11/17,26.571,66.159,19.949
2017-06-11 21:00:00,06/11/17,25.748,72.880,20.641
2017-06-11 22:00:00,06/11/17,25.123,77.643,21.002
2017-06-11 23:00:00,06/11/17,24.476,81.106,21.028
2017-06-12 00:00:00,06/12/17,23.943,83.409,20.925
2017-06-12 01:00:00,06/12/17,23.468,84.895,20.719
2017-06-12 02:00:00,06/12/17,22.898,86.976,20.513
2017-06-12 03:00:00,06/12/17,22.473,89.096,20.445
2017-06-12 04:00:00,06/12/17,21.953,90.816,20.206
2017-06-12 05:00:00,06/12/17,21.915,91.563,20.287
2017-06-12 06:00:00,06/12/17,22.411,90.984,20.689
2017-06-12 07:00:00,06/12/17,22.894,90.986,21.169
2017-06-12 08:00:00,06/12/17,24.646,86.633,22.178
2017-06-12 09:00:00,06/12/17,25.342,84.181,22.436
2017-06-12 10:00:00,06/12/17,26.209,79.514,22.422
2017-06-12 11:00:00,06/12/17,26.955,73.995,22.033
2017-06-12 12:00:00,06/12/17,25.607,81.438,22.150
2017-06-12 13:00:00,06/12/17,25.125,90.848,23.362
2017-06-12 14:00:00,06/12/17,22.875,91.214,21.183
2017-06-12 15:00:00,06/12/17,23.182,92.470,21.690
2017-06-12 16:00:00,06/12/17,24.172,93.110,22.778
2017-06-12 17:00:00,06/12/17,23.897,93.188,22.516
2017-06-12 18:00:00,06/12/17,24.219,92.873,22.786
2017-06-12 19:00:00,06/12/17,23.992,88.413,21.835
2017-06-12 20:00:00,06/12/17,23.017,88.843,20.939
2017-06-12 21:00:00,06/12/17,22.278,91.631,20.658
2017-06-12 22:00:00,06/12/17,22.016,92.472,20.531
2017-06-12 23:00:00,06/12/17,21.881,93.252,20.517
2017-06-13 00:00:00,06/13/17,21.867,93.552,20.549
2017-06-13 01:00:00,06/13/17,21.481,93.896,20.216
2017-06-13 02:00:00,06/13/17,21.330,94.080,20.094
2017-06-13 03:00:00,06/13/17,21.185,94.217,19.970
2017-06-13 04:00:00,06/13/17,20.831,94.351,19.636
2017-06-13 05:00:00,06/13/17,20.819,94.447,19.639
2017-06-13 06:00:00,06/13/17,21.020,94.477,19.844
2017-06-13 07:00:00,06/13/17,22.041,94.083,20.803
2017-06-13 08:00:00,06/13/17,23.639,88.791,21.542
2017-06-13 09:00:00,06/13/17,24.861,79.963,21.186
2017-06-13 10:00:00,06/13/17,25.674,76.681,21.346
2017-06-13 11:00:00,06/13/17,26.061,76.305,21.645
2017-06-13 12:00:00,06/13/17,27.301,69.924,21.487
2017-06-13 13:00:00,06/13/17,27.481,67.045,21.022
2017-06-13 14:00:00,06/13/17,27.991,64.971,21.021
2017-06-13 15:00:00,06/13/17,28.372,62.360,20.742
2017-06-13 16:00:00,06/13/17,27.723,64.262,20.598
2017-06-13 17:00:00,06/13/17,27.875,61.574,20.074
2017-06-13 18:00:00,06/13/17,27.427,61.402,19.611
2017-06-13 19:00:00,06/13/17,27.505,60.407,19.430
2017-06-13 20:00:00,06/13/17,26.875,63.141,19.522
2017-06-13 21:00:00,06/13/17,26.382,66.377,19.817
2017-06-13 22:00:00,06/13/17,25.172,75.284,20.576
2017-06-13 23:00:00,06/13/17,24.378,79.788,20.687
2017-06-14 00:00:00,06/14/17,23.723,81.540,20.371
2017-06-14 01:00:00,06/14/17,23.132,84.723,20.358
2017-06-14 02:00:00,06/14/17,22.808,85.810,20.227
2017-06-14 03:00:00,06/14/17,22.471,87.844,20.237
2017-06-14 04:00:00,06/14/17,22.176,89.424,20.204
2017-06-14 05:00:00,06/14/17,21.688,91.020,19.975
2017-06-14 06:00:00,06/14/17,22.118,91.044,20.407
2017-06-14 07:00:00,06/14/17,23.487,88.557,21.358
2017-06-14 08:00:00,06/14/17,24.742,84.745,21.946
2017-06-14 09:00:00,06/14/17,26.084,80.209,22.429
2017-06-14 10:00:00,06/14/17,26.325,77.840,22.209
2017-06-14 11:00:00,06/14/17,27.170,73.316,22.089
2017-06-14 12:00:00,06/14/17,27.074,75.316,22.427
2017-06-14 13:00:00,06/14/17,28.469,67.748,22.125
2017-06-14 14:00:00,06/14/17,27.698,70.624,22.034
2017-06-14 15:00:00,06/14/17,27.937,72.215,22.615
2017-06-14 16:00:00,06/14/17,28.374,69.919,22.531
2017-06-14 17:00:00,06/14/17,28.259,69.256,22.269
2017-06-14 18:00:00,06/14/17,25.408,76.957,21.023
2017-06-14 19:00:00,06/14/17,20.650,93.014,19.254
2017-06-14 20:00:00,06/14/17,21.230,93.501,19.906
2017-06-14 21:00:00,06/14/17,21.038,93.811,19.761
2017-06-14 22:00:00,06/14/17,20.708,94.073,19.472
2017-06-14 23:00:00,06/14/17,20.777,94.193,19.559
2017-06-15 00:00:00,06/15/17,20.956,94.270,19.749
2017-06-15 01:00:00,06/15/17,20.916,94.357,19.723
2017-06-15 02:00:00,06/15/17,20.732,94.461,19.554
2017-06-15 03:00:00,06/15/17,20.833,94.517,19.664
2017-06-15 04:00:00,06/15/17,20.819,94.569,19.658
2017-06-15 05:00:00,06/15/17,20.726,94.634,19.574
2017-06-15 06:00:00,06/15/17,20.873,94.669,19.726
2017-06-15 07:00:00,06/15/17,21.819,94.583,20.658
2017-06-15 08:00:00,06/15/17,22.523,94.504,21.349
2017-06-15 09:00:00,06/15/17,24.352,93.324,22.989
2017-06-15 10:00:00,06/15/17,26.218,87.522,23.878
2017-06-15 11:00:00,06/15/17,27.347,81.018,23.820
2017-06-15 12:00:00,06/15/17,27.466,77.427,23.240
2017-06-15 13:00:00,06/15/17,27.153,77.583,22.966
2017-06-15 14:00:00,06/15/17,27.707,75.660,23.114
2017-06-15 15:00:00,06/15/17,28.825,70.298,23.040
2017-06-15 16:00:00,06/15/17,28.789,71.995,23.389
2017-06-15 17:00:00,06/15/17,24.614,78.227,20.487
2017-06-15 18:00:00,06/15/17,21.431,90.985,19.715
2017-06-15 19:00:00,06/15/17,21.611,90.608,19.833
2017-06-15 20:00:00,06/15/17,21.234,90.451,19.435
2017-06-15 21:00:00,06/15/17,20.889,91.207,19.210
2017-06-15 22:00:00,06/15/17,20.202,92.456,18.721
2017-06-15 23:00:00,06/15/17,20.117,92.889,18.703
2017-06-16 00:00:00,06/16/17,19.815,93.443,18.487
2017-06-16 01:00:00,06/16/17,19.682,93.631,18.382
2017-06-16 02:00:00,06/16/17,19.877,93.523,18.560
2017-06-16 03:00:00,06/16/17,19.940,93.264,18.584
2017-06-16 04:00:00,06/16/17,19.926,93.081,18.542
2017-06-16 05:00:00,06/16/17,19.843,93.333,18.497
2017-06-16 06:00:00,06/16/17,19.960,93.007,18.564
2017-06-16 07:00:00,06/16/17,20.107,92.243,18.594
2017-06-16 08:00:00,06/16/17,20.649,91.527,19.022
2017-06-16 09:00:00,06/16/17,21.708,89.122,19.690
2017-06-16 10:00:00,06/16/17,23.006,85.033,20.286
2017-06-16 11:00:00,06/16/17,24.056,81.070,20.609
2017-06-16 12:00:00,06/16/17,24.720,80.419,21.135
2017-06-16 13:00:00,06/16/17,25.422,75.977,20.964
2017-06-16 14:00:00,06/16/17,26.285,72.122,20.992
2017-06-16 15:00:00,06/16/17,27.022,69.388,21.119
2017-06-16 16:00:00,06/16/17,26.961,69.514,21.087
2017-06-16 17:00:00,06/16/17,26.710,70.153,20.989
2017-06-16 18:00:00,06/16/17,26.657,69.607,20.816
2017-06-16 19:00:00,06/16/17,26.335,69.056,20.387
2017-06-16 20:00:00,06/16/17,25.842,70.450,20.219
2017-06-16 21:00:00,06/16/17,25.109,74.214,20.303
2017-06-16 22:00:00,06/16/17,24.718,77.343,20.550
2017-06-16 23:00:00,06/16/17,24.114,78.742,20.230
2017-06-17 00:00:00,06/17/17,23.168,82.376,19.978
2017-06-17 01:00:00,06/17/17,22.980,83.834,20.053
2017-06-17 02:00:00,06/17/17,22.691,85.623,20.079
2017-06-17 03:00:00,06/17/17,22.258,88.045,20.059
2017-06-17 04:00:00,06/17/17,21.658,90.384,19.845
2017-06-17 05:00:00,06/17/17,21.064,91.903,19.493
2017-06-17 06:00:00,06/17/17,21.525,91.970,19.963
2017-06-17 07:00:00,06/17/17,22.885,90.220,21.035
2017-06-17 08:00:00,06/17/17,24.959,84.093,22.036
2017-06-17 09:00:00,06/17/17,26.071,77.822,21.959
2017-06-17 10:00:00,06/17/17,26.841,73.987,21.923
2017-06-17 11:00:00,06/17/17,27.460,70.269,21.730
2017-06-17 12:00:00,06/17/17,28.016,66.430,21.385
2017-06-17 13:00:00,06/17/17,28.336,64.362,21.194
2017-06-17 14:00:00,06/17/17,28.803,61.700,20.979
2017-06-17 15:00:00,06/17/17,29.020,60.953,20.997
2017-06-17 16:00:00,06/17/17,25.589,73.502,20.386
2017-06-17 17:00:00,06/17/17,22.300,92.088,20.753
2017-06-17 18:00:00,06/17/17,22.888,92.675,21.430
2017-06-17 19:00:00,06/17/17,22.996,93.024,21.592
2017-06-17 20:00:00,06/17/17,22.816,93.388,21.470
2017-06-17 21:00:00,06/17/17,22.493,93.560,21.174
2017-06-17 22:00:00,06/17/17,22.421,93.741,21.130
2017-06-17 23:00:00,06/17/17,22.278,93.910,21.013
2017-06-18 00:00:00,06/18/17,22.309,93.709,21.014
2017-06-18 01:00:00,06/18/17,22.295,93.309,20.939
2017-06-18 02:00:00,06/18/17,21.919,93.369,20.572
2017-06-18 03:00:00,06/18/17,21.618,93.661,20.317
2017-06-18 04:00:00,06/18/17,21.415,93.957,20.160
2017-06-18 05:00:00,06/18/17,21.374,93.807,20.096
2017-06-18 06:00:00,06/18/17,21.489,93.644,20.186
2017-06-18 07:00:00,06/18/17,22.817,90.749,21.052
2017-06-18 08:00:00,06/18/17,23.537,87.294,21.197
2017-06-18 09:00:00,06/18/17,24.068,86.572,21.599
2017-06-18 10:00:00,06/18/17,23.072,91.039,21.348
2017-06-18 11:00:00,06/18/17,24.017,91.367,22.342
2017-06-18 12:00:00,06/18/17,25.485,85.650,22.835
2017-06-18 13:00:00,06/18/17,24.263,89.578,22.285
2017-06-18 14:00:00,06/18/17,23.826,91.123,22.115
2017-06-18 15:00:00,06/18/17,23.182,92.805,21.743
2017-06-18 16:00:00,06/18/17,22.980,93.797,21.697
2017-06-18 17:00:00,06/18/17,23.433,93.362,22.080
2017-06-18 18:00:00,06/18/17,23.509,92.007,21.942
2017-06-18 19:00:00,06/18/17,23.318,91.122,21.612
2017-06-18 20:00:00,06/18/17,23.416,91.139,21.712
2017-06-18 21:00:00,06/18/17,23.416,91.438,21.760
2017-06-18 22:00:00,06/18/17,23.450,91.938,21.873
2017-06-18 23:00:00,06/18/17,23.673,90.199,21.814
2017-06-19 00:00:00,06/19/17,23.352,90.798,21.593
2017-06-19 01:00:00,06/19/17,22.777,91.743,21.172
2017-06-19 02:00:00,06/19/17,22.339,92.757,20.896
2017-06-19 03:00:00,06/19/17,22.174,93.401,20.831
2017-06-19 04:00:00,06/19/17,21.973,94.083,20.735
2017-06-19 05:00:00,06/19/17,21.989,94.145,20.761
2017-06-19 06:00:00,06/19/17,22.497,93.039,21.097
2017-06-19 07:00:00,06/19/17,22.920,91.899,21.340
2017-06-19 08:00:00,06/19/17,23.230,91.621,21.604
2017-06-19 09:00:00,06/19/17,24.143,89.201,22.113
2017-06-19 10:00:00,06/19/17,25.570,85.066,22.818
2017-06-19 11:00:00,06/19/17,26.638,80.892,23.104
2017-06-19 12:00:00,06/19/17,27.522,77.187,23.244
2017-06-19 13:00:00,06/19/17,26.902,79.713,23.135
2017-06-19 14:00:00,06/19/17,27.846,76.147,23.348
2017-06-19 15:00:00,06/19/17,27.867,75.332,23.203
2017-06-19 16:00:00,06/19/17,27.104,77.027,22.807
2017-06-19 17:00:00,06/19/17,25.258,84.007,22.316
2017-06-19 18:00:00,06/19/17,24.145,88.608,22.017
2017-06-19 19:00:00,06/19/17,23.200,91.471,21.550
2017-06-19 20:00:00,06/19/17,22.836,92.671,21.378
2017-06-19 21:00:00,06/19/17,23.010,92.974,21.599
2017-06-19 22:00:00,06/19/17,23.350,92.734,21.900
2017-06-19 23:00:00,06/19/17,23.462,92.527,21.979
2017-06-20 00:00:00,06/20/17,23.130,93.480,21.797
2017-06-20 01:00:00,06/20/17,23.020,94.085,21.781
2017-06-20 02:00:00,06/20/17,22.755,94.243,21.540
2017-06-20 03:00:00,06/20/17,22.597,94.340,21.397
2017-06-20 04:00:00,06/20/17,22.433,94.361,21.237
2017-06-20 05:00:00,06/20/17,22.355,94.350,21.158
2017-06-20 06:00:00,06/20/17,22.495,94.323,21.293
2017-06-20 07:00:00,06/20/17,22.874,94.104,21.638
2017-06-20 08:00:00,06/20/17,23.370,93.373,22.019
2017-06-20 09:00:00,06/20/17,23.731,92.251,22.202
2017-06-20 10:00:00,06/20/17,24.154,90.995,22.422
2017-06-20 11:00:00,06/20/17,24.589,89.270,22.569
2017-06-20 12:00:00,06/20/17,23.014,92.472,21.518
2017-06-20 13:00:00,06/20/17,21.967,94.574,20.804
2017-06-20 14:00:00,06/20/17,21.887,94.753,20.752
2017-06-20 15:00:00,06/20/17,21.294,94.908,20.183
2017-06-20 16:00:00,06/20/17,20.936,95.013,19.841
2017-06-20 17:00:00,06/20/17,20.857,95.068,19.770
2017-06-20 18:00:00,06/20/17,21.053,95.087,19.969
2017-06-20 19:00:00,06/20/17,21.421,95.056,20.332
2017-06-20 20:00:00,06/20/17,21.266,95.093,20.183
2017-06-20 21:00:00,06/20/17,21.054,95.158,19.980
2017-06-20 22:00:00,06/20/17,21.077,95.175,20.007
2017-06-20 23:00:00,06/20/17,21.145,95.179,20.075
2017-06-21 00:00:00,06/21/17,20.913,95.223,19.849
2017-06-21 01:00:00,06/21/17,20.922,95.250,19.862
2017-06-21 02:00:00,06/21/17,20.897,95.259,19.838
2017-06-21 03:00:00,06/21/17,20.841,95.284,19.786
2017-06-21 04:00:00,06/21/17,20.803,95.295,19.750
2017-06-21 05:00:00,06/21/17,20.769,95.337,19.723
2017-06-21 06:00:00,06/21/17,20.746,95.339,19.699
2017-06-21 07:00:00,06/21/17,21.215,95.312,20.164
2017-06-21 08:00:00,06/21/17,21.815,95.194,20.747
2017-06-21 09:00:00,06/21/17,22.597,94.218,21.378
2017-06-21 10:00:00,06/21/17,23.685,91.848,22.091
2017-06-21 11:00:00,06/21/17,24.283,89.111,22.240
2017-06-21 12:00:00,06/21/17,24.217,89.404,22.223
2017-06-21 13:00:00,06/21/17,24.466,88.957,22.396
2017-06-21 14:00:00,06/21/17,24.726,87.475,22.404
2017-06-21 15:00:00,06/21/17,24.378,89.501,22.399
2017-06-21 16:00:00,06/21/17,24.372,89.633,22.414
2017-06-21 17:00:00,06/21/17,24.412,88.576,22.279
2017-06-21 18:00:00,06/21/17,24.348,88.787,22.250
2017-06-21 19:00:00,06/21/17,21.780,92.862,20.352
2017-06-21 20:00:00,06/21/17,21.563,94.560,20.399
2017-06-21 21:00:00,06/21/17,21.766,94.769,20.633
2017-06-21 22:00:00,06/21/17,21.917,94.877,20.800
2017-06-21 23:00:00,06/21/17,21.748,94.971,20.645
2017-06-22 00:00:00,06/22/17,21.533,95.060,20.444
2017-06-22 01:00:00,06/22/17,21.372,95.140,20.295
2017-06-22 02:00:00,06/22/17,21.213,95.195,20.145
2017-06-22 03:00:00,06/22/17,21.228,95.236,20.166
2017-06-22 04:00:00,06/22/17,21.199,95.279,20.143
2017-06-22 05:00:00,06/22/17,21.046,95.324,19.997
2017-06-22 06:00:00,06/22/17,21.225,95.295,20.171
2017-06-22 07:00:00,06/22/17,21.559,95.255,20.499
2017-06-22 08:00:00,06/22/17,21.985,95.251,20.924
2017-06-22 09:00:00,06/22/17,22.417,95.205,21.350
2017-06-22 10:00:00,06/22/17,22.964,95.131,21.885
2017-06-22 11:00:00,06/22/17,23.567,94.963,22.461
2017-06-22 12:00:00,06/22/17,24.768,93.574,23.444
2017-06-22 13:00:00,06/22/17,26.225,89.366,24.205
2017-06-22 14:00:00,06/22/17,26.755,86.597,24.254
2017-06-22 15:00:00,06/22/17,26.659,86.977,24.227
2017-06-22 16:00:00,06/22/17,25.555,91.028,23.807
2017-06-22 17:00:00,06/22/17,24.986,94.288,23.774
2017-06-22 18:00:00,06/22/17,24.863,94.611,23.702
2017-06-22 19:00:00,06/22/17,23.496,94.890,22.380
2017-06-22 20:00:00,06/22/17,23.070,95.029,21.975
2017-06-22 21:00:00,06/22/17,22.840,95.115,21.759
2017-06-22 22:00:00,06/22/17,22.511,95.171,21.438
2017-06-22 23:00:00,06/22/17,22.503,95.176,21.431
2017-06-23 00:00:00,06/23/17,22.531,95.176,21.459
2017-06-23 01:00:00,06/23/17,22.545,95.193,21.475
2017-06-23 02:00:00,06/23/17,22.637,95.061,21.547
2017-06-23 03:00:00,06/23/17,22.611,95.043,21.519
2017-06-23 04:00:00,06/23/17,22.479,95.183,21.408
2017-06-23 05:00:00,06/23/17,22.507,95.161,21.433
2017-06-23 06:00:00,06/23/17,22.719,94.916,21.607
2017-06-23 07:00:00,06/23/17,23.667,92.803,22.225
2017-06-23 08:00:00,06/23/17,25.059,87.688,22.764
2017-06-23 09:00:00,06/23/17,25.894,83.630,22.879
2017-06-23 10:00:00,06/23/17,26.264,81.467,22.844
2017-06-23 11:00:00,06/23/17,26.293,80.508,22.688
2017-06-23 12:00:00,06/23/17,27.855,74.387,22.990
2017-06-23 13:00:00,06/23/17,28.848,69.240,22.831
2017-06-23 14:00:00,06/23/17,29.398,65.597,22.508
2017-06-23 15:00:00,06/23/17,29.228,65.256,22.266
2017-06-23 16:00:00,06/23/17,28.898,66.167,22.161
2017-06-23 17:00:00,06/23/17,29.153,64.071,21.897
2017-06-23 18:00:00,06/23/17,28.396,67.803,22.075
2017-06-23 19:00:00,06/23/17,27.549,71.522,22.089
2017-06-23 20:00:00,06/23/17,23.942,88.596,21.780
2017-06-23 21:00:00,06/23/17,22.828,93.442,21.490
2017-06-23 22:00:00,06/23/17,22.569,94.007,21.318
2017-06-23 23:00:00,06/23/17,22.409,94.335,21.210
2017-06-24 00:00:00,06/24/17,22.274,94.547,21.106
2017-06-24 01:00:00,06/24/17,22.180,94.724,21.040
2017-06-24 02:00:00,06/24/17,22.056,94.828,20.932
2017-06-24 03:00:00,06/24/17,21.925,94.912,20.814
2017-06-24 04:00:00,06/24/17,21.971,94.962,20.867
2017-06-24 05:00:00,06/24/17,22.009,95.009,20.912
2017-06-24 06:00:00,06/24/17,22.212,94.992,21.112
2017-06-24 07:00:00,06/24/17,22.549,94.945,21.442
2017-06-24 08:00:00,06/24/17,22.890,94.818,21.763
2017-06-24 09:00:00,06/24/17,23.262,94.524,22.090
2017-06-24 10:00:00,06/24/17,23.643,94.134,22.409
2017-06-24 11:00:00,06/24/17,23.653,93.964,22.393
2017-06-24 12:00:00,06/24/17,24.211,93.484,22.875
2017-06-24 13:00:00,06/24/17,26.168,89.562,24.176
2017-06-24 14:00:00,06/24/17,26.728,85.883,24.104
2017-06-24 15:00:00,06/24/17,26.284,87.326,23.918
2017-06-24 16:00:00,06/24/17,26.335,89.416,24.324
2017-06-24 17:00:00,06/24/17,26.643,87.383,24.280
2017-06-24 18:00:00,06/24/17,26.520,86.063,23.931
2017-06-24 19:00:00,06/24/17,26.249,86.926,23.814
2017-06-24 20:00:00,06/24/17,25.634,88.454,23.467
2017-06-24 21:00:00,06/24/17,22.489,93.776,21.203
2017-06-24 22:00:00,06/24/17,22.327,94.617,21.171
2017-06-24 23:00:00,06/24/17,22.262,94.854,21.141
2017-06-25 00:00:00,06/25/17,21.730,95.022,20.635
2017-06-25 01:00:00,06/25/17,21.066,95.168,19.993
2017-06-25 02:00:00,06/25/17,20.472,95.290,19.418
2017-06-25 03:00:00,06/25/17,19.833,95.398,18.796
2017-06-25 04:00:00,06/25/17,19.464,95.447,18.434
2017-06-25 05:00:00,06/25/17,19.111,95.491,18.088
2017-06-25 06:00:00,06/25/17,19.353,95.515,18.333
2017-06-25 07:00:00,06/25/17,19.754,94.922,18.646
2017-06-25 08:00:00,06/25/17,19.954,94.084,18.721
2017-06-25 09:00:00,06/25/17,20.803,90.966,19.086
2017-06-25 10:00:00,06/25/17,21.770,86.197,19.266
2017-06-25 11:00:00,06/25/17,22.192,84.171,19.336
2017-06-25 12:00:00,06/25/17,22.084,84.183,19.233
2017-06-25 13:00:00,06/25/17,22.517,81.811,19.238
2017-06-25 14:00:00,06/25/17,23.094,79.623,19.402
2017-06-25 15:00:00,06/25/17,23.769,73.554,18.863
2017-06-25 16:00:00,06/25/17,23.482,66.989,17.194
2017-06-25 17:00:00,06/25/17,22.916,70.806,17.473
2017-06-25 18:00:00,06/25/17,22.156,74.473,17.499
2017-06-25 19:00:00,06/25/17,21.857,75.564,17.425
2017-06-25 20:00:00,06/25/17,21.244,79.189,17.510
2017-06-25 21:00:00,06/25/17,20.776,83.328,17.797
2017-06-25 22:00:00,06/25/17,20.067,87.172,17.748
2017-06-25 23:00:00,06/25/17,19.349,89.686,17.443
2017-06-26 00:00:00,06/26/17,18.592,91.151,16.919
2017-06-26 01:00:00,06/26/17,18.553,92.094,17.025
2017-06-26 02:00:00,06/26/17,18.247,92.062,16.716
2017-06-26 03:00:00,06/26/17,17.417,91.453,15.797
2017-06-26 04:00:00,06/26/17,16.824,91.945,15.282
2017-06-26 05:00:00,06/26/17,16.618,92.618,15.177
2017-06-26 06:00:00,06/26/17,17.185,90.291,15.387
2017-06-26 07:00:00,06/26/17,18.606,84.165,15.795
2017-06-26 08:00:00,06/26/17,20.498,70.881,15.160
2017-06-26 09:00:00,06/26/17,22.737,63.546,15.682
2017-06-26 10:00:00,06/26/17,24.362,57.013,15.571
2017-06-26 11:00:00,06/26/17,25.279,52.752,15.251
2017-06-26 12:00:00,06/26/17,26.057,51.061,15.473
2017-06-26 13:00:00,06/26/17,26.459,50.001,15.522
2017-06-26 14:00:00,06/26/17,26.691,44.967,14.106
2017-06-26 15:00:00,06/26/17,26.705,43.386,13.576
2017-06-26 16:00:00,06/26/17,26.555,47.597,14.834
2017-06-26 17:00:00,06/26/17,26.174,52.309,15.964
2017-06-26 18:00:00,06/26/17,25.503,53.862,15.790
2017-06-26 19:00:00,06/26/17,24.950,54.918,15.569
2017-06-26 20:00:00,06/26/17,23.876,59.174,15.697
2017-06-26 21:00:00,06/26/17,22.527,63.905,15.569
2017-06-26 22:00:00,06/26/17,21.628,70.354,16.142
2017-06-26 23:00:00,06/26/17,20.764,74.914,16.236
2017-06-27 00:00:00,06/27/17,20.815,78.524,16.971
2017-06-27 01:00:00,06/27/17,20.643,79.935,17.063
2017-06-27 02:00:00,06/27/17,19.966,81.833,16.738
2017-06-27 03:00:00,06/27/17,19.246,83.588,16.340
2017-06-27 04:00:00,06/27/17,18.864,84.389,16.098
2017-06-27 05:00:00,06/27/17,18.471,86.194,16.013
2017-06-27 06:00:00,06/27/17,18.925,86.473,16.507
2017-06-27 07:00:00,06/27/17,20.605,82.889,17.547
2017-06-27 08:00:00,06/27/17,22.142,72.214,17.023
2017-06-27 09:00:00,06/27/17,23.481,66.962,17.184
2017-06-27 10:00:00,06/27/17,24.394,63.002,17.128
2017-06-27 11:00:00,06/27/17,24.921,59.400,16.731
2017-06-27 12:00:00,06/27/17,25.710,52.285,15.523
2017-06-27 13:00:00,06/27/17,26.417,47.285,14.629
2017-06-27 14:00:00,06/27/17,26.653,49.226,15.465
2017-06-27 15:00:00,06/27/17,26.563,50.109,15.657
2017-06-27 16:00:00,06/27/17,26.483,50.248,15.632
2017-06-27 17:00:00,06/27/17,26.437,49.745,15.433
2017-06-27 18:00:00,06/27/17,25.659,47.322,13.941
2017-06-27 19:00:00,06/27/17,24.794,45.835,12.679
2017-06-27 20:00:00,06/27/17,23.725,51.012,13.296
2017-06-27 21:00:00,06/27/17,22.665,56.753,13.927
2017-06-27 22:00:00,06/27/17,21.582,63.785,14.644
2017-06-27 23:00:00,06/27/17,20.631,67.492,14.577
2017-06-28 00:00:00,06/28/17,20.132,70.171,14.671
2017-06-28 01:00:00,06/28/17,19.928,72.428,14.923
2017-06-28 02:00:00,06/28/17,19.131,77.328,15.111
2017-06-28 03:00:00,06/28/17,18.951,77.102,14.891
2017-06-28 04:00:00,06/28/17,18.723,77.109,14.673
2017-06-28 05:00:00,06/28/17,18.350,78.361,14.541
2017-06-28 06:00:00,06/28/17,18.497,78.666,14.740
2017-06-28 07:00:00,06/28/17,20.767,74.953,16.231
2017-06-28 08:00:00,06/28/17,23.017,70.318,17.464
2017-06-28 09:00:00,06/28/17,25.134,64.069,18.084
2017-06-28 10:00:00,06/28/17,26.354,58.137,17.741
2017-06-28 11:00:00,06/28/17,27.167,53.451,17.215
2017-06-28 12:00:00,06/28/17,27.522,51.799,17.058
2017-06-28 13:00:00,06/28/17,27.799,52.118,17.409
2017-06-28 14:00:00,06/28/17,28.266,50.725,17.419
2017-06-28 15:00:00,06/28/17,28.174,50.619,17.300
2017-06-28 16:00:00,06/28/17,28.211,51.257,17.530
2017-06-28 17:00:00,06/28/17,28.112,49.776,16.978
2017-06-28 18:00:00,06/28/17,27.875,53.023,17.742
2017-06-28 19:00:00,06/28/17,27.084,59.057,18.671
2017-06-28 20:00:00,06/28/17,26.124,64.167,19.056
2017-06-28 21:00:00,06/28/17,25.441,66.628,18.982
2017-06-28 22:00:00,06/28/17,24.722,69.657,18.972
2017-06-28 23:00:00,06/28/17,24.146,71.688,18.852
2017-06-29 00:00:00,06/29/17,23.494,74.554,18.810
2017-06-29 01:00:00,06/29/17,22.782,77.418,18.681
2017-06-29 02:00:00,06/29/17,22.186,80.300,18.640
2017-06-29 03:00:00,06/29/17,22.018,82.081,18.799
2017-06-29 04:00:00,06/29/17,22.076,83.228,19.058
2017-06-29 05:00:00,06/29/17,21.929,85.206,19.257
2017-06-29 06:00:00,06/29/17,22.024,86.701,19.605
2017-06-29 07:00:00,06/29/17,22.589,87.329,20.267
2017-06-29 08:00:00,06/29/17,23.723,85.788,21.125
2017-06-29 09:00:00,06/29/17,24.508,84.049,21.594
2016-07-06 15:00:00,07/06/16,24.871,42.675,11.668
2016-07-06 16:00:00,07/06/16,24.426,42.250,11.118
2016-07-06 17:00:00,07/06/16,24.611,41.869,11.148
2016-07-06 18:00:00,07/06/16,24.442,42.059,11.064
2016-07-06 19:00:00,07/06/16,24.595,42.674,11.421
2016-07-06 20:00:00,07/06/16,24.837,42.321,11.514
2016-07-06 21:00:00,07/06/16,24.871,42.244,11.517
2016-07-06 22:00:00,07/06/16,24.871,42.116,11.471
2016-07-06 23:00:00,07/06/16,24.871,42.319,11.544
2016-07-07 00:00:00,07/07/16,24.871,42.064,11.453
2016-07-07 01:00:00,07/07/16,24.887,41.919,11.415
2016-07-07 02:00:00,07/07/16,24.881,41.807,11.369
2016-07-07 03:00:00,07/07/16,24.867,41.765,11.341
2016-07-07 04:00:00,07/07/16,24.845,41.800,11.334
2016-07-07 05:00:00,07/07/16,24.823,41.841,11.329
2016-07-07 06:00:00,07/07/16,24.804,41.801,11.298
2016-07-07 07:00:00,07/07/16,24.504,42.164,11.158
2016-07-07 08:00:00,07/07/16,24.283,42.557,11.099
2016-07-07 09:00:00,07/07/16,24.371,42.516,11.164
2016-07-07 10:00:00,07/07/16,24.484,42.276,11.180
2016-07-07 11:00:00,07/07/16,24.466,42.819,11.355
2016-07-07 12:00:00,07/07/16,24.472,42.766,11.343
2016-07-07 13:00:00,07/07/16,24.261,42.479,11.051
2016-07-07 14:00:00,07/07/16,24.325,42.508,11.119
2016-07-07 15:00:00,07/07/16,24.128,42.664,10.996
2016-07-07 16:00:00,07/07/16,24.161,43.020,11.151
2016-07-07 17:00:00,07/07/16,24.922,42.819,11.768
2016-07-07 18:00:00,07/07/16,24.847,42.143,11.459
2016-07-07 19:00:00,07/07/16,24.809,42.668,11.613
2016-07-07 20:00:00,07/07/16,25.681,43.603,12.729
2016-07-07 21:00:00,07/07/16,25.744,44.440,13.076
2016-07-07 22:00:00,07/07/16,25.722,44.794,13.177
2016-07-07 23:00:00,07/07/16,25.754,45.522,13.452
2016-07-08 00:00:00,07/08/16,25.768,46.730,13.865
2016-07-08 01:00:00,07/08/16,25.766,47.167,14.006
2016-07-08 02:00:00,07/08/16,25.758,46.764,13.867
2016-07-08 03:00:00,07/08/16,25.734,46.204,13.661
2016-07-08 04:00:00,07/08/16,25.695,45.642,13.439
2016-07-08 05:00:00,07/08/16,25.671,45.094,13.233
2016-07-08 06:00:00,07/08/16,25.655,44.308,12.950
2016-07-08 07:00:00,07/08/16,24.122,43.972,11.442
2016-07-08 08:00:00,07/08/16,23.697,44.438,11.218
2016-07-08 09:00:00,07/08/16,24.076,43.324,11.181
2016-07-08 10:00:00,07/08/16,24.092,42.847,11.029
2016-07-08 11:00:00,07/08/16,24.279,43.698,11.493
2016-07-08 12:00:00,07/08/16,24.392,44.780,11.964
2016-07-08 13:00:00,07/08/16,24.355,45.171,12.063
2016-07-08 14:00:00,07/08/16,24.387,45.841,12.314
2016-07-08 15:00:00,07/08/16,25.166,43.503,12.226
2016-07-08 16:00:00,07/08/16,25.523,42.994,12.373
2016-07-08 17:00:00,07/08/16,25.849,42.566,12.514
2016-07-08 18:00:00,07/08/16,25.931,41.271,12.116
2016-07-08 19:00:00,07/08/16,26.282,42.478,12.871
2016-07-08 20:00:00,07/08/16,26.577,44.030,13.689
2016-07-08 21:00:00,07/08/16,26.530,44.329,13.751
2016-07-08 22:00:00,07/08/16,26.479,44.252,13.678
2016-07-08 23:00:00,07/08/16,26.451,44.434,13.715
2016-07-09 00:00:00,07/09/16,26.461,44.643,13.796
2016-07-09 01:00:00,07/09/16,26.455,45.165,13.969
2016-07-09 02:00:00,07/09/16,26.451,45.395,14.043
2016-07-09 03:00:00,07/09/16,26.445,45.418,14.045
2016-07-09 04:00:00,07/09/16,26.408,44.827,13.811
2016-07-09 05:00:00,07/09/16,26.363,44.068,13.509
2016-07-09 06:00:00,07/09/16,26.306,43.165,13.140
2016-07-09 07:00:00,07/09/16,26.339,42.335,12.873
2016-07-09 08:00:00,07/09/16,26.577,42.367,13.099
2016-07-09 09:00:00,07/09/16,26.793,42.211,13.237
2016-07-09 10:00:00,07/09/16,26.947,42.334,13.420
2016-07-09 11:00:00,07/09/16,27.177,43.735,14.127
2016-07-09 12:00:00,07/09/16,27.493,45.522,15.033
2016-07-09 13:00:00,07/09/16,27.727,45.661,15.293
2016-07-09 14:00:00,07/09/16,27.945,45.704,15.506
2016-07-09 15:00:00,07/09/16,28.126,45.174,15.489
2016-07-09 16:00:00,07/09/16,28.291,44.497,15.404
2016-07-09 17:00:00,07/09/16,28.396,43.892,15.287
2016-07-09 18:00:00,07/09/16,28.381,43.820,15.248
2016-07-09 19:00:00,07/09/16,28.433,43.883,15.317
2016-07-09 20:00:00,07/09/16,28.299,43.889,15.198
2016-07-09 21:00:00,07/09/16,28.101,43.793,14.985
2016-07-09 22:00:00,07/09/16,27.953,43.328,14.685
2016-07-09 23:00:00,07/09/16,27.815,42.632,14.310
2016-07-10 00:00:00,07/10/16,27.714,42.380,14.128
2016-07-10 01:00:00,07/10/16,27.616,42.020,13.908
2016-07-10 02:00:00,07/10/16,27.540,41.631,13.696
2016-07-10 03:00:00,07/10/16,27.458,40.960,13.372
2016-07-10 04:00:00,07/10/16,27.356,40.229,13.003
2016-07-10 05:00:00,07/10/16,27.263,39.801,12.755
2016-07-10 06:00:00,07/10/16,27.169,39.432,12.529
2016-07-10 07:00:00,07/10/16,27.149,39.312,12.463
2016-07-10 08:00:00,07/10/16,27.276,39.452,12.631
2016-07-10 09:00:00,07/10/16,27.423,39.329,12.715
2016-07-10 10:00:00,07/10/16,27.530,39.492,12.874
2016-07-10 11:00:00,07/10/16,27.661,39.644,13.050
2016-07-10 12:00:00,07/10/16,27.875,39.650,13.243
2016-07-10 13:00:00,07/10/16,28.013,40.015,13.508
2016-07-10 14:00:00,07/10/16,28.204,40.369,13.816
2016-07-10 15:00:00,07/10/16,28.299,40.548,13.969
2016-07-10 16:00:00,07/10/16,28.402,40.559,14.065
2016-07-10 17:00:00,07/10/16,28.483,39.915,13.888
2016-07-10 18:00:00,07/10/16,28.268,39.130,13.390
2016-07-10 19:00:00,07/10/16,28.251,38.970,13.312
2016-07-10 20:00:00,07/10/16,28.180,39.004,13.261
2016-07-10 21:00:00,07/10/16,27.986,39.449,13.264
2016-07-10 22:00:00,07/10/16,27.832,39.734,13.237
2016-07-10 23:00:00,07/10/16,27.682,39.577,13.043
2016-07-11 00:00:00,07/11/16,27.542,39.460,12.872
2016-07-11 01:00:00,07/11/16,27.440,39.232,12.691
2016-07-11 02:00:00,07/11/16,27.444,39.066,12.630
2016-07-11 03:00:00,07/11/16,27.438,38.916,12.566
2016-07-11 04:00:00,07/11/16,27.380,38.557,12.372
2016-07-11 05:00:00,07/11/16,27.312,38.281,12.201
2016-07-11 06:00:00,07/11/16,27.243,38.053,12.048
2016-07-11 07:00:00,07/11/16,25.192,40.012,10.975
2016-07-11 08:00:00,07/11/16,24.026,41.937,10.646
2016-07-11 09:00:00,07/11/16,23.769,42.532,10.625
2016-07-11 10:00:00,07/11/16,23.611,42.776,10.568
2016-07-11 11:00:00,07/11/16,23.709,42.876,10.693
2016-07-11 12:00:00,07/11/16,23.825,42.110,10.527
2016-07-11 13:00:00,07/11/16,23.675,42.066,10.375
2016-07-11 14:00:00,07/11/16,23.585,42.142,10.322
2016-07-11 15:00:00,07/11/16,23.513,42.210,10.281
2016-07-11 16:00:00,07/11/16,23.862,42.146,10.572
2016-07-11 17:00:00,07/11/16,23.911,41.465,10.373
2016-07-11 18:00:00,07/11/16,23.707,42.064,10.404
2016-07-11 19:00:00,07/11/16,24.648,41.440,11.025
2016-07-11 20:00:00,07/11/16,25.273,41.406,11.575
2016-07-11 21:00:00,07/11/16,25.481,41.415,11.766
2016-07-11 22:00:00,07/11/16,25.606,41.000,11.726
2016-07-11 23:00:00,07/11/16,25.691,40.703,11.691
2016-07-12 00:00:00,07/12/16,25.748,40.406,11.631
2016-07-12 01:00:00,07/12/16,25.772,40.200,11.574
2016-07-12 02:00:00,07/12/16,25.793,40.018,11.524
2016-07-12 03:00:00,07/12/16,25.793,39.890,11.475
2016-07-12 04:00:00,07/12/16,25.768,39.857,11.441
2016-07-12 05:00:00,07/12/16,25.752,39.844,11.421
2016-07-12 06:00:00,07/12/16,25.726,39.833,11.394
2016-07-12 07:00:00,07/12/16,24.363,41.764,10.879
2016-07-12 08:00:00,07/12/16,23.731,43.176,10.817
2016-07-12 09:00:00,07/12/16,23.970,42.359,10.746
2016-07-12 10:00:00,07/12/16,23.968,42.031,10.627
2016-07-12 11:00:00,07/12/16,24.046,42.127,10.732
2016-07-12 12:00:00,07/12/16,24.301,42.009,10.920
2016-07-12 13:00:00,07/12/16,24.508,41.365,10.873
2016-07-12 14:00:00,07/12/16,24.353,40.834,10.539
2016-07-12 15:00:00,07/12/16,24.297,41.073,10.577
2016-07-12 16:00:00,07/12/16,24.275,41.125,10.576
2016-07-12 17:00:00,07/12/16,24.265,41.045,10.537
2016-07-12 18:00:00,07/12/16,24.211,40.785,10.393
2016-07-12 19:00:00,07/12/16,24.823,40.615,10.879
2016-07-12 20:00:00,07/12/16,25.448,41.120,11.628
2016-07-12 21:00:00,07/12/16,25.574,41.164,11.757
2016-07-12 22:00:00,07/12/16,25.598,41.396,11.864
2016-07-12 23:00:00,07/12/16,25.625,41.202,11.817
2016-07-13 00:00:00,07/13/16,25.671,41.436,11.945
2016-07-13 01:00:00,07/13/16,25.695,41.368,11.941
2016-07-13 02:00:00,07/13/16,25.732,40.968,11.826
2016-07-13 03:00:00,07/13/16,25.762,40.643,11.732
2016-07-13 04:00:00,07/13/16,25.744,40.553,11.682
2016-07-13 05:00:00,07/13/16,25.714,40.613,11.677
2016-07-13 06:00:00,07/13/16,25.697,40.425,11.593
2016-07-13 07:00:00,07/13/16,24.501,41.560,10.933
2016-07-13 08:00:00,07/13/16,23.998,42.660,10.877
2016-07-13 09:00:00,07/13/16,24.295,41.850,10.857
2016-07-13 10:00:00,07/13/16,24.351,41.346,10.725
2016-07-13 11:00:00,07/13/16,24.377,41.479,10.797
2016-07-13 12:00:00,07/13/16,24.339,41.409,10.738
2016-07-13 13:00:00,07/13/16,24.281,41.531,10.729
2016-07-13 14:00:00,07/13/16,24.339,41.670,10.832
2016-07-13 15:00:00,07/13/16,24.283,41.452,10.702
2016-07-13 16:00:00,07/13/16,24.225,42.073,10.874
2016-07-13 17:00:00,07/13/16,24.388,41.328,10.751
2016-07-13 18:00:00,07/13/16,24.241,41.154,10.556
2016-07-13 19:00:00,07/13/16,24.960,42.003,11.511
2016-07-13 20:00:00,07/13/16,25.817,43.258,12.731
2016-07-13 21:00:00,07/13/16,25.904,43.911,13.039
2016-07-13 22:00:00,07/13/16,25.890,43.872,13.012
2016-07-13 23:00:00,07/13/16,25.890,43.856,13.007
2016-07-14 00:00:00,07/14/16,25.890,44.048,13.073
2016-07-14 01:00:00,07/14/16,25.866,43.907,13.002
2016-07-14 02:00:00,07/14/16,25.886,43.326,12.817
2016-07-14 03:00:00,07/14/16,25.890,42.641,12.578
2016-07-14 04:00:00,07/14/16,25.845,42.181,12.373
2016-07-14 05:00:00,07/14/16,25.799,41.617,12.126
2016-07-14 06:00:00,07/14/16,25.748,41.172,11.916
2016-07-14 07:00:00,07/14/16,24.578,41.902,11.127
2016-07-14 08:00:00,07/14/16,23.957,43.251,11.048
2016-07-14 09:00:00,07/14/16,24.040,42.906,11.002
2016-07-14 10:00:00,07/14/16,24.195,42.301,10.928
2016-07-14 11:00:00,07/14/16,24.319,42.328,11.050
2016-07-14 12:00:00,07/14/16,24.339,41.918,10.921
2016-07-14 13:00:00,07/14/16,24.381,41.438,10.786
2016-07-14 14:00:00,07/14/16,24.517,41.258,10.841
2016-07-14 15:00:00,07/14/16,25.313,40.367,11.225
2016-07-14 16:00:00,07/14/16,25.697,39.432,11.214
2016-07-14 17:00:00,07/14/16,25.902,39.701,11.500
2016-07-14 18:00:00,07/14/16,24.863,39.883,10.641
2016-07-14 19:00:00,07/14/16,25.235,40.145,11.073
2016-07-14 20:00:00,07/14/16,26.069,40.599,11.990
2016-07-14 21:00:00,07/14/16,26.227,41.355,12.414
2016-07-14 22:00:00,07/14/16,26.272,41.494,12.505
2016-07-14 23:00:00,07/14/16,26.304,41.782,12.641
2016-07-15 00:00:00,07/15/16,26.345,42.425,12.911
2016-07-15 01:00:00,07/15/16,26.394,43.303,13.268
2016-07-15 02:00:00,07/15/16,26.388,43.900,13.472
2016-07-15 03:00:00,07/15/16,26.349,43.172,13.181
2016-07-15 04:00:00,07/15/16,26.288,42.523,12.895
2016-07-15 05:00:00,07/15/16,26.274,42.357,12.822
2016-07-15 06:00:00,07/15/16,26.248,41.841,12.611
2016-07-15 07:00:00,07/15/16,25.045,41.427,11.377
2016-07-15 08:00:00,07/15/16,24.058,42.513,10.880
2016-07-15 09:00:00,07/15/16,24.032,42.328,10.791
2016-07-15 10:00:00,07/15/16,24.150,42.222,10.860
2016-07-15 11:00:00,07/15/16,24.323,42.320,11.050
2016-07-15 12:00:00,07/15/16,24.319,41.475,10.743
2016-07-15 13:00:00,07/15/16,24.100,41.560,10.577
2016-07-15 14:00:00,07/15/16,24.277,41.609,10.753
2016-07-15 15:00:00,07/15/16,24.263,41.358,10.650
2016-07-15 16:00:00,07/15/16,24.273,41.269,10.627
2016-07-15 17:00:00,07/15/16,24.337,40.881,10.542
2016-07-15 18:00:00,07/15/16,24.317,41.023,10.576
2016-07-15 19:00:00,07/15/16,24.847,41.550,11.244
2016-07-15 20:00:00,07/15/16,25.685,43.433,12.674
2016-07-15 21:00:00,07/15/16,25.817,43.579,12.844
2016-07-15 22:00:00,07/15/16,25.817,43.598,12.851
2016-07-15 23:00:00,07/15/16,25.831,43.645,12.880
2016-07-16 00:00:00,07/16/16,25.860,43.576,12.881
2016-07-16 01:00:00,07/16/16,25.890,43.658,12.938
2016-07-16 02:00:00,07/16/16,25.906,43.537,12.910
2016-07-16 03:00:00,07/16/16,25.928,42.988,12.736
2016-07-16 04:00:00,07/16/16,25.900,42.602,12.573
2016-07-16 05:00:00,07/16/16,25.858,42.202,12.391
2016-07-16 06:00:00,07/16/16,25.809,41.626,12.138
2016-07-16 07:00:00,07/16/16,25.819,41.185,11.985
2016-07-16 08:00:00,07/16/16,25.971,40.616,11.909
2016-07-16 09:00:00,07/16/16,26.164,40.538,12.053
2016-07-16 10:00:00,07/16/16,26.402,41.350,12.569
2016-07-16 11:00:00,07/16/16,26.683,41.515,12.883
2016-07-16 12:00:00,07/16/16,26.934,41.099,12.954
2016-07-16 13:00:00,07/16/16,27.132,40.582,12.937
2016-07-16 14:00:00,07/16/16,27.308,39.598,12.717
2016-07-16 15:00:00,07/16/16,27.421,38.353,12.325
2016-07-16 16:00:00,07/16/16,27.663,38.101,12.440
2016-07-16 17:00:00,07/16/16,27.825,38.225,12.635
2016-07-16 18:00:00,07/16/16,27.774,38.821,12.827
2016-07-16 19:00:00,07/16/16,27.573,40.574,13.328
2016-07-16 20:00:00,07/16/16,27.327,40.636,13.131
2016-07-16 21:00:00,07/16/16,27.171,39.841,12.689
2016-07-16 22:00:00,07/16/16,27.087,39.429,12.454
2016-07-16 23:00:00,07/16/16,27.032,39.007,12.240
2016-07-17 00:00:00,07/17/16,26.983,39.170,12.260
2016-07-17 01:00:00,07/17/16,26.940,39.298,12.272
2016-07-17 02:00:00,07/17/16,26.873,39.068,12.122
2016-07-17 03:00:00,07/17/16,26.805,38.804,11.958
2016-07-17 04:00:00,07/17/16,26.730,38.661,11.835
2016-07-17 05:00:00,07/17/16,26.657,38.529,11.717
2016-07-17 06:00:00,07/17/16,26.596,38.457,11.634
2016-07-17 07:00:00,07/17/16,26.591,38.384,11.601
2016-07-17 08:00:00,07/17/16,26.738,38.192,11.655
2016-07-17 09:00:00,07/17/16,26.853,38.016,11.686
2016-07-17 10:00:00,07/17/16,26.946,38.081,11.795
2016-07-17 11:00:00,07/17/16,27.143,38.684,12.211
2016-07-17 12:00:00,07/17/16,27.390,39.519,12.760
2016-07-17 13:00:00,07/17/16,27.682,39.458,12.996
2016-07-17 14:00:00,07/17/16,27.883,39.455,13.174
2016-07-17 15:00:00,07/17/16,28.019,40.005,13.509
2016-07-17 16:00:00,07/17/16,28.178,40.292,13.762
2016-07-17 17:00:00,07/17/16,28.225,40.131,13.743
2016-07-17 18:00:00,07/17/16,28.289,39.273,13.465
2016-07-17 19:00:00,07/17/16,28.192,38.474,13.060
2016-07-17 20:00:00,07/17/16,28.075,38.267,12.873
2016-07-17 21:00:00,07/17/16,27.949,38.814,12.980
2016-07-17 22:00:00,07/17/16,27.840,38.678,12.829
2016-07-17 23:00:00,07/17/16,27.733,38.036,12.476
2016-07-18 00:00:00,07/18/16,27.646,37.833,12.317
2016-07-18 01:00:00,07/18/16,27.581,37.721,12.213
2016-07-18 02:00:00,07/18/16,27.528,37.799,12.198
2016-07-18 03:00:00,07/18/16,27.460,37.675,12.088
2016-07-18 04:00:00,07/18/16,27.391,37.912,12.122
2016-07-18 05:00:00,07/18/16,27.333,38.187,12.182
2016-07-18 06:00:00,07/18/16,27.261,38.013,12.048
2016-07-18 07:00:00,07/18/16,25.934,38.836,11.190
2016-07-18 08:00:00,07/18/16,25.056,40.528,11.056
2016-07-18 09:00:00,07/18/16,24.651,40.416,10.651
2016-07-18 10:00:00,07/18/16,24.386,41.142,10.682
2016-07-18 11:00:00,07/18/16,24.283,41.583,10.750
2016-07-18 12:00:00,07/18/16,24.219,41.934,10.819
2016-07-18 13:00:00,07/18/16,24.122,42.070,10.780
2016-07-18 14:00:00,07/18/16,24.096,41.121,10.414
2016-07-18 15:00:00,07/18/16,24.311,41.229,10.646
2016-07-18 16:00:00,07/18/16,25.269,39.727,10.943
2016-07-18 17:00:00,07/18/16,25.592,39.047,10.971
2016-07-18 18:00:00,07/18/16,25.849,39.038,11.198
2016-07-18 19:00:00,07/18/16,26.240,38.977,11.522
2016-07-18 20:00:00,07/18/16,26.604,39.450,12.031
2016-07-18 21:00:00,07/18/16,26.585,39.817,12.156
2016-07-18 22:00:00,07/18/16,26.573,39.788,12.134
2016-07-18 23:00:00,07/18/16,26.573,40.090,12.250
2016-07-19 00:00:00,07/19/16,26.598,41.026,12.624
2016-07-19 01:00:00,07/19/16,26.622,41.869,12.958
2016-07-19 02:00:00,07/19/16,26.616,42.019,13.007
2016-07-19 03:00:00,07/19/16,26.598,42.126,13.030
2016-07-19 04:00:00,07/19/16,26.594,42.120,13.024
2016-07-19 05:00:00,07/19/16,26.573,41.678,12.844
2016-07-19 06:00:00,07/19/16,26.557,41.060,12.600
2016-07-19 07:00:00,07/19/16,25.446,40.501,11.394
2016-07-19 08:00:00,07/19/16,24.448,41.498,10.867
2016-07-19 09:00:00,07/19/16,24.245,41.763,10.781
2016-07-19 10:00:00,07/19/16,24.197,41.434,10.618
2016-07-19 11:00:00,07/19/16,24.193,41.309,10.569
2016-07-19 12:00:00,07/19/16,24.185,41.216,10.528
2016-07-19 13:00:00,07/19/16,24.225,40.844,10.428
2016-07-19 14:00:00,07/19/16,24.301,40.725,10.452
2016-07-19 15:00:00,07/19/16,25.214,39.438,10.785
2016-07-19 16:00:00,07/19/16,25.695,38.852,10.987
2016-07-19 17:00:00,07/19/16,25.856,38.717,11.078
2016-07-19 18:00:00,07/19/16,25.888,38.786,11.133
2016-07-19 19:00:00,07/19/16,25.912,39.768,11.535
2016-07-19 20:00:00,07/19/16,26.032,40.636,11.971
2016-07-19 21:00:00,07/19/16,26.034,41.203,12.185
2016-07-19 22:00:00,07/19/16,26.020,40.657,11.968
2016-07-19 23:00:00,07/19/16,26.036,40.201,11.811
2016-07-20 00:00:00,07/20/16,26.057,40.216,11.835
2016-07-20 01:00:00,07/20/16,26.042,39.899,11.702
2016-07-20 02:00:00,07/20/16,26.055,39.678,11.628
2016-07-20 03:00:00,07/20/16,26.030,39.506,11.540
2016-07-20 04:00:00,07/20/16,25.981,39.462,11.479
2016-07-20 05:00:00,07/20/16,25.939,39.458,11.440
2016-07-20 06:00:00,07/20/16,25.906,39.426,11.399
2016-07-20 07:00:00,07/20/16,24.971,40.588,10.999
2016-07-20 08:00:00,07/20/16,24.255,41.906,10.841
2016-07-20 09:00:00,07/20/16,25.332,53.556,15.413
2016-07-20 10:00:00,07/20/16,26.436,62.583,18.888
2016-07-20 11:00:00,07/20/16,28.556,65.271,21.589
2016-07-20 12:00:00,07/20/16,30.313,62.501,22.608
2016-07-20 13:00:00,07/20/16,35.343,48.173,22.748
2016-07-20 14:00:00,07/20/16,33.498,48.610,21.527
